<Brushes>
  <Brush Name="EnemyName" Font="Galahad" >
    <Layers>
    </Layers>
    <Styles>
      <Style Name="Default" FontColor="#FAF4DEFF" TextGlowColor="#000000FF" FontSize="15" />
    </Styles>
  </Brush>
  <Brush Name="EnemyHealthBarBrush">
    <Layers>
      <BrushLayer Name="EmptyFill" Sprite="BlankWhiteSquare" ColorFactor="1" Color="#404040FF" />
      <BrushLayer Name="DefaultFill" Sprite="mission_health_bar_fill_9" ColorFactor="2.0" Color="#d40e00FF" />
      <BrushLayer Name="ChangeFill" Sprite="BlankWhiteSquare" ColorFactor="5.0" Color="#ffffffff" />
    </Layers>
    <Styles>
      <Style Name="Default">
      </Style>
    </Styles>
  </Brush>
  <Brush Name="EnemyPostureBarBrush">
    <Layers>
      <BrushLayer Name="EmptyFill" Sprite="BlankWhiteSquare" ColorFactor="1" Color="#404040FF" />
      <BrushLayer Name="DefaultFill" Sprite="mission_health_bar_fill_9" ColorFactor="5.0" Color="#009900FF" />
      <BrushLayer Name="ChangeFill" Sprite="BlankWhiteSquare" ColorFactor="5.0" Color="#ffffffff" />
    </Layers>
    <Styles>
      <Style Name="Default">
      </Style>
    </Styles>
  </Brush>
  <Brush Name="PlayerPostureBarBrush">
    <Layers>
      <BrushLayer Name="EmptyFill" Sprite="BlankWhiteSquare" Color="#009900FF" />
      <BrushLayer Name="DefaultFill"  Sprite="BlankWhiteSquare" Color="#009900FF" />
      <BrushLayer Name="ChangeFill" Sprite="BlankWhiteSquare" Color="#009900FF" />
    </Layers>
    <Styles>
      <Style Name="Default">
      </Style>
    </Styles>
  </Brush>
  <Brush Name="PlayerPostureBarBrushGlow">
    <Layers>
      <BrushLayer Name="EmptyFill" Sprite="BlankWhiteSquare" Color="#00ad00FF" />
      <BrushLayer Name="DefaultFill"  Sprite="BlankWhiteSquare" Color="#00ad00FF" />
      <BrushLayer Name="ChangeFill" Sprite="BlankWhiteSquare" Color="#00ad00FF" />
    </Layers>
    <Styles>
      <Style Name="Default">
      </Style>
    </Styles>
  </Brush>
</Brushes>