﻿<?xml version="1.0" encoding="utf-8"?>
<Items>
  <!-- #region Horses -->
  <!-- #region Tier 0/1 -->
  <Item id="sumpter_horse" name="{=KFGfTXqE}Sumpter Horse" mesh="horse_brown" item_category="sumpter_horse" difficulty="0" weight="450"  Type="Horse">
    <ItemComponent>
      <Horse monster="Monster.horse" maneuver="41" speed="34" charge_damage="4" body_length="102" is_mountable="true" is_pack_animal="true" extra_health="60" modifier_group="horse">
        <AdditionalMeshes>
          <Mesh name="horse_mane" affected_by_cover="true" />
        </AdditionalMeshes>
        <Materials>
          <Material name="horse_brown_mat">
            <MeshMultipliers>
              <MeshMultiplier mesh_multiplier="FF010101" percentage="0.75" />
              <MeshMultiplier mesh_multiplier="FF909090" percentage="0.25" />
            </MeshMultipliers>
          </Material>
          <Material name="horse_black_mat">
            <MeshMultipliers>
              <MeshMultiplier mesh_multiplier="FF010101" percentage="0.75" />
              <MeshMultiplier mesh_multiplier="FF909090" percentage="0.25" />
            </MeshMultipliers>
          </Material>
          <Material name="horse_grey_mat">
            <MeshMultipliers>
              <MeshMultiplier mesh_multiplier="FF303030" percentage="0.75" />
              <MeshMultiplier mesh_multiplier="FF909090" percentage="0.25" />
            </MeshMultipliers>
          </Material>
          <Material name="horse_white_mat">
            <MeshMultipliers>
              <MeshMultiplier mesh_multiplier="FF303030" percentage="1.0" />
            </MeshMultipliers>
          </Material>
        </Materials>
      </Horse>
    </ItemComponent>
    <Flags Civilian="true" />
  </Item>
  <Item id="old_horse" name="{=0s4IP7jB}Old Work Horse" mesh="horse_brown" is_merchandise="false" item_category="sumpter_horse" difficulty="0" weight="400" appearance="0.5" Type="Horse" >
    <ItemComponent>
      <Horse monster="Monster.horse" maneuver="52" speed="37" charge_damage="4" body_length="102" is_mountable="true" is_pack_animal="true" extra_health="0" modifier_group="horse">
        <AdditionalMeshes>
          <Mesh name="horse_mane" affected_by_cover="true" />
        </AdditionalMeshes>
        <Materials>
          <Material name="horse_brown_mat">
            <MeshMultipliers>
              <MeshMultiplier mesh_multiplier="FF010101" percentage="0.75" />
              <MeshMultiplier mesh_multiplier="FF909090" percentage="0.25" />
            </MeshMultipliers>
          </Material>
          <Material name="horse_black_mat">
            <MeshMultipliers>
              <MeshMultiplier mesh_multiplier="FF010101" percentage="0.75" />
              <MeshMultiplier mesh_multiplier="FF909090" percentage="0.25" />
            </MeshMultipliers>
          </Material>
          <Material name="horse_grey_mat">
            <MeshMultipliers>
              <MeshMultiplier mesh_multiplier="FF303030" percentage="0.75" />
              <MeshMultiplier mesh_multiplier="FF909090" percentage="0.25" />
            </MeshMultipliers>
          </Material>
          <Material name="horse_white_mat">
            <MeshMultipliers>
              <MeshMultiplier mesh_multiplier="FF303030" percentage="1.0" />
            </MeshMultipliers>
          </Material>
        </Materials>
      </Horse>
    </ItemComponent>
    <Flags Civilian="true" />
  </Item>
  <Item id="mule" name="{=CB97qhVM}Mule" mesh="mule_mesh" item_category="sumpter_horse" weight="150" Type="Horse" >
    <ItemComponent>
      <Horse monster="Monster.mule" maneuver="48" speed="31" charge_damage="3" body_length="92" is_mountable="true" extra_health="0" is_pack_animal="true" />
    </ItemComponent>
    <Flags Civilian="true" />
  </Item>
  <Item id="mule_unmountable" name="{=CB97qhVM}Mule" mesh="mule_mesh" is_merchandise="false" item_category="sumpter_horse" weight="150" Type="Horse" >
    <ItemComponent>
      <Horse monster="Monster.mule_unmountable" maneuver="48" speed="31" charge_damage="3" body_length="92" is_mountable="false" extra_health="0" is_pack_animal="true" />
    </ItemComponent>
    <Flags Civilian="true" />
  </Item>
  <Item id="pack_camel" name="{=DlPOte0H}Pack Camel" mesh="camel_mesh" item_category="sumpter_horse" weight="150" Type="Horse" >
    <ItemComponent>
      <Horse monster="Monster.camel" maneuver="39" speed="35" charge_damage="4" body_length="105" extra_health="30" is_pack_animal="true" is_mountable="true" />
    </ItemComponent>
    <Flags Civilian="true" />
  </Item>
  <Item id="pack_camel_unmountable" name="{=DlPOte0H}Pack Camel" mesh="camel_mesh" is_merchandise="false" item_category="sumpter_horse" weight="150" Type="Horse" >
    <ItemComponent>
      <Horse monster="Monster.camel_unmountable" maneuver="39" speed="35" charge_damage="4" body_length="105" extra_health="30" is_pack_animal="true" is_mountable="false" />
    </ItemComponent>
    <Flags Civilian="true" />
  </Item>
  <!-- #endregion -->
  <!-- #region Tier 2 -->
  <Item id="aserai_horse" name="{=h7IWO4DV}Nahasawi" mesh="horse_brown" subtype="horse" item_category="horse" culture="Culture.aserai" weight="431" difficulty="50" appearance="0.7" Type="Horse" >
    <ItemComponent>
      <Horse monster="Monster.horse" maneuver="56" speed="50" charge_damage="10" body_length="108" is_mountable="true" extra_health="0" skeleton_scale="aserai_horse" modifier_group="horse">
        <AdditionalMeshes>
          <Mesh name="horse_mane" affected_by_cover="true" />
        </AdditionalMeshes>
        <Materials>
          <Material name="horse_brown_mat">
            <MeshMultipliers>
              <MeshMultiplier mesh_multiplier="FF010101" percentage="0.75" />
              <MeshMultiplier mesh_multiplier="FF909090" percentage="0.25" />
            </MeshMultipliers>
          </Material>
          <Material name="horse_black_mat">
            <MeshMultipliers>
              <MeshMultiplier mesh_multiplier="FF010101" percentage="0.75" />
              <MeshMultiplier mesh_multiplier="FF909090" percentage="0.25" />
            </MeshMultipliers>
          </Material>
          <Material name="horse_grey_mat">
            <MeshMultipliers>
              <MeshMultiplier mesh_multiplier="FF303030" percentage="0.75" />
              <MeshMultiplier mesh_multiplier="FF909090" percentage="0.25" />
            </MeshMultipliers>
          </Material>
          <Material name="horse_white_mat">
            <MeshMultipliers>
              <MeshMultiplier mesh_multiplier="FF303030" percentage="1.0" />
            </MeshMultipliers>
          </Material>
        </Materials>
      </Horse>
    </ItemComponent>
    <Flags Civilian="true" />
  </Item>
  <Item id="battania_horse" name="{=sgfKrAaZ}Battanian Hobby" mesh="horse_brown" subtype="horse" item_category="horse" culture="Culture.battania" weight="462" difficulty="20" appearance="0.7" Type="Horse" >
    <ItemComponent>
      <Horse monster="Monster.horse" maneuver="56" speed="44" charge_damage="10" body_length="98" is_mountable="true" extra_health="50" skeleton_scale="battania_horse">
        <AdditionalMeshes>
          <Mesh name="horse_mane_2" affected_by_cover="true" />
          <Mesh name="horse_trotter" />
        </AdditionalMeshes>
        <Materials>
          <Material name="dales_pony_mat">
            <MeshMultipliers>
              <MeshMultiplier mesh_multiplier="FF08080B" percentage="1.0" />
            </MeshMultipliers>
          </Material>
        </Materials>
      </Horse>
    </ItemComponent>
    <Flags Civilian="true" />
  </Item>
  <Item id="empire_horse" name="{=IOt4KTHs}Midlands Palfrey" mesh="horse_brown" subtype="horse" item_category="horse" culture="Culture.empire" weight="473" difficulty="30" appearance="0.7" Type="Horse" >
    <ItemComponent>
      <Horse monster="Monster.horse" maneuver="61" speed="47" charge_damage="10" body_length="110" is_mountable="true" extra_health="0" skeleton_scale="empire_horse">
        <AdditionalMeshes>
          <Mesh name="horse_mane_2" affected_by_cover="true" />
        </AdditionalMeshes>
        <Materials>
          <Material name="horse_brown_mat">
            <MeshMultipliers>
              <MeshMultiplier mesh_multiplier="FF010101" percentage="0.75" />
              <MeshMultiplier mesh_multiplier="FF909090" percentage="0.25" />
            </MeshMultipliers>
          </Material>
          <Material name="horse_black_mat">
            <MeshMultipliers>
              <MeshMultiplier mesh_multiplier="FF010101" percentage="0.75" />
              <MeshMultiplier mesh_multiplier="FF909090" percentage="0.25" />
            </MeshMultipliers>
          </Material>
          <Material name="horse_grey_mat">
            <MeshMultipliers>
              <MeshMultiplier mesh_multiplier="FF303030" percentage="0.75" />
              <MeshMultiplier mesh_multiplier="FF909090" percentage="0.25" />
            </MeshMultipliers>
          </Material>
          <Material name="horse_white_mat">
            <MeshMultipliers>
              <MeshMultiplier mesh_multiplier="FF303030" percentage="1.0" />
            </MeshMultipliers>
          </Material>
        </Materials>
      </Horse>
    </ItemComponent>
    <Flags Civilian="true" />
  </Item>
  <Item id="khuzait_horse" name="{=YAYhozbN}Steppe Horse" mesh="horse_brown" item_category="horse" culture="Culture.khuzait" subtype="horse" weight="456" difficulty="40" appearance="0.7" Type="Horse" >
    <ItemComponent>
      <Horse monster="Monster.horse" maneuver="69" speed="46" charge_damage="8" body_length="94" is_mountable="true" extra_health="10" skeleton_scale="khuzait_horse">
        <AdditionalMeshes>
          <Mesh name="horse_mane" affected_by_cover="true" />
        </AdditionalMeshes>
        <Materials>
          <Material name="steppe_horse">
            <MeshMultipliers>
              <MeshMultiplier mesh_multiplier="FF08080B" percentage="1.0" />
              <MeshMultiplier mesh_multiplier="FF909090" percentage="0.25" />
            </MeshMultipliers>
          </Material>
        </Materials>
      </Horse>
    </ItemComponent>
    <Flags Civilian="true" />
  </Item>
  <Item id="sturgia_horse" name="{=QwiI8Uho}Sturgian Native" mesh="horse_brown" subtype="horse" item_category="horse" culture="Culture.sturgia" weight="458" difficulty="30" appearance="0.7" Type="Horse" >
    <ItemComponent>
      <Horse monster="Monster.horse" maneuver="62" speed="44" charge_damage="10" body_length="100" is_mountable="true" extra_health="20" skeleton_scale="sturgia_horse">
        <AdditionalMeshes>
          <Mesh name="horse_mane_2" affected_by_cover="true" />
          <Mesh name="horse_trotter" />
        </AdditionalMeshes>
        <Materials>
          <Material name="horse_black_mat">
            <MeshMultipliers>
              <MeshMultiplier mesh_multiplier="FF010101" percentage="0.75" />
              <MeshMultiplier mesh_multiplier="FF909090" percentage="0.25" />
            </MeshMultipliers>
          </Material>
          <Material name="horse_grey_mat">
            <MeshMultipliers>
              <MeshMultiplier mesh_multiplier="FF303030" percentage="0.75" />
              <MeshMultiplier mesh_multiplier="FF909090" percentage="0.25" />
            </MeshMultipliers>
          </Material>
        </Materials>
      </Horse>
    </ItemComponent>
    <Flags Civilian="true" />
  </Item>
  <Item id="vlandia_horse" name="{=AIu3kKvz}Rouncey" mesh="horse_brown" subtype="horse" item_category="horse" culture="Culture.vlandia" weight="462" difficulty="40" appearance="0.7" Type="Horse" >
    <ItemComponent>
      <Horse monster="Monster.horse" maneuver="55" speed="48" charge_damage="12" body_length="109" is_mountable="true" skeleton_scale="vlandia_horse">
        <AdditionalMeshes>
          <Mesh name="horse_mane_2" affected_by_cover="true" />
        </AdditionalMeshes>
        <Materials>
          <Material name="horse_brown_mat">
            <MeshMultipliers>
              <MeshMultiplier mesh_multiplier="FF010101" percentage="0.75" />
              <MeshMultiplier mesh_multiplier="FF909090" percentage="0.25" />
            </MeshMultipliers>
          </Material>
          <Material name="horse_black_mat">
            <MeshMultipliers>
              <MeshMultiplier mesh_multiplier="FF010101" percentage="0.75" />
              <MeshMultiplier mesh_multiplier="FF909090" percentage="0.25" />
            </MeshMultipliers>
          </Material>
          <Material name="horse_grey_mat">
            <MeshMultipliers>
              <MeshMultiplier mesh_multiplier="FF303030" percentage="0.75" />
              <MeshMultiplier mesh_multiplier="FF909090" percentage="0.25" />
            </MeshMultipliers>
          </Material>
          <Material name="horse_white_mat">
            <MeshMultipliers>
              <MeshMultiplier mesh_multiplier="FF303030" percentage="1.0" />
            </MeshMultipliers>
          </Material>
        </Materials>
      </Horse>
    </ItemComponent>
    <Flags Civilian="true" />
  </Item>
  <Item id="camel" name="{=CQBiJLgv}Camel" mesh="camel_mesh" item_category="horse" weight="611" difficulty="30" appearance="0.7" Type="Horse" >
    <ItemComponent>
      <Horse monster="Monster.camel" maneuver="65" speed="44" charge_damage="10" body_length="95" extra_health="15" is_pack_animal="false" is_mountable="true" />
    </ItemComponent>
    <Flags Civilian="true" />
  </Item>
  <!-- #endregion -->
  <!-- #region Tier 3 -->
  <Item id="t2_aserai_horse" name="{=gnvIGThE}Darshi Horse" mesh="horse_brown" subtype="horse" item_category="war_horse" culture="Culture.aserai" weight="515" difficulty="90" appearance="1" Type="Horse" >
    <ItemComponent>
      <Horse monster="Monster.horse" maneuver="65" speed="56" charge_damage="7" body_length="108" is_mountable="true" extra_health="100" skeleton_scale="aserai_horse" modifier_group="horse">
        <AdditionalMeshes>
          <Mesh name="horse_mane" affected_by_cover="true" />
        </AdditionalMeshes>
        <Materials>
          <Material name="horse_brown_mat">
            <MeshMultipliers>
              <MeshMultiplier mesh_multiplier="FF010101" percentage="0.75" />
              <MeshMultiplier mesh_multiplier="FF909090" percentage="0.25" />
            </MeshMultipliers>
          </Material>
          <Material name="horse_black_mat">
            <MeshMultipliers>
              <MeshMultiplier mesh_multiplier="FF010101" percentage="0.75" />
              <MeshMultiplier mesh_multiplier="FF909090" percentage="0.25" />
            </MeshMultipliers>
          </Material>
          <Material name="horse_grey_mat">
            <MeshMultipliers>
              <MeshMultiplier mesh_multiplier="FF303030" percentage="0.75" />
              <MeshMultiplier mesh_multiplier="FF909090" percentage="0.25" />
            </MeshMultipliers>
          </Material>
          <Material name="horse_white_mat">
            <MeshMultipliers>
              <MeshMultiplier mesh_multiplier="FF303030" percentage="1.0" />
            </MeshMultipliers>
          </Material>
        </Materials>
      </Horse>
    </ItemComponent>
    <Flags Civilian="true" />
  </Item>
  <Item id="t2_battania_horse" name="{=tZN9H492}Glintor Pony" mesh="horse_brown" subtype="horse" item_category="war_horse" culture="Culture.battania" weight="542" difficulty="60" appearance="1" Type="Horse" >
    <ItemComponent>
      <Horse monster="Monster.horse" maneuver="65" speed="52" charge_damage="11" body_length="111" is_mountable="true" extra_health="140" skeleton_scale="battania_horse">
        <AdditionalMeshes>
          <Mesh name="horse_mane_2" affected_by_cover="true" />
          <Mesh name="horse_trotter" />
        </AdditionalMeshes>
        <Materials>
          <Material name="dales_pony_mat">
            <MeshMultipliers>
              <MeshMultiplier mesh_multiplier="FF08080B" percentage="1.0" />
            </MeshMultipliers>
          </Material>
        </Materials>
      </Horse>
    </ItemComponent>
    <Flags Civilian="true" />
  </Item>
  <Item id="t2_empire_horse" name="{=mVAaWp5U}Canterion Charger" mesh="horse_brown" subtype="horse" item_category="war_horse" culture="Culture.empire" weight="548" difficulty="70" appearance="1" Type="Horse" >
    <ItemComponent>
      <Horse monster="Monster.horse" maneuver="70" speed="50" charge_damage="12" body_length="115" is_mountable="true" extra_health="190" skeleton_scale="empire_horse">
        <AdditionalMeshes>
          <Mesh name="horse_mane_2" affected_by_cover="true" />
        </AdditionalMeshes>
        <Materials>
          <Material name="horse_brown_mat">
            <MeshMultipliers>
              <MeshMultiplier mesh_multiplier="FF010101" percentage="0.75" />
              <MeshMultiplier mesh_multiplier="FF909090" percentage="0.25" />
            </MeshMultipliers>
          </Material>
          <Material name="horse_black_mat">
            <MeshMultipliers>
              <MeshMultiplier mesh_multiplier="FF010101" percentage="0.75" />
              <MeshMultiplier mesh_multiplier="FF909090" percentage="0.25" />
            </MeshMultipliers>
          </Material>
          <Material name="horse_grey_mat">
            <MeshMultipliers>
              <MeshMultiplier mesh_multiplier="FF303030" percentage="0.75" />
              <MeshMultiplier mesh_multiplier="FF909090" percentage="0.25" />
            </MeshMultipliers>
          </Material>
          <Material name="horse_white_mat">
            <MeshMultipliers>
              <MeshMultiplier mesh_multiplier="FF303030" percentage="1.0" />
            </MeshMultipliers>
          </Material>
        </Materials>
      </Horse>
    </ItemComponent>
    <Flags Civilian="true" />
  </Item>
  <Item id="t2_khuzait_horse" name="{=PZPphq6H}Steppe Hunter" mesh="horse_brown" item_category="war_horse" culture="Culture.khuzait" subtype="horse" weight="498" difficulty="80" appearance="1" Type="Horse" >
    <ItemComponent>
      <Horse monster="Monster.horse" maneuver="77" speed="51" charge_damage="9" body_length="94" is_mountable="true" extra_health="150" skeleton_scale="khuzait_horse">
        <AdditionalMeshes>
          <Mesh name="horse_mane" affected_by_cover="true" />
        </AdditionalMeshes>
        <Materials>
          <Material name="steppe_horse">
            <MeshMultipliers>
              <MeshMultiplier mesh_multiplier="FF08080B" percentage="1.0" />
              <MeshMultiplier mesh_multiplier="FF909090" percentage="0.25" />
            </MeshMultipliers>
          </Material>
        </Materials>
      </Horse>
    </ItemComponent>
    <Flags Civilian="true" />
  </Item>
  <Item id="t2_sturgia_horse" name="{=Ejx5lXjk}Revyl Chaser" mesh="horse_brown" subtype="horse" item_category="war_horse" culture="Culture.sturgia" weight="510" difficulty="70" appearance="1" Type="Horse" >
    <ItemComponent>
      <Horse monster="Monster.horse" maneuver="64" speed="54" charge_damage="9" body_length="100" is_mountable="true" extra_health="160" skeleton_scale="sturgia_horse">
        <AdditionalMeshes>
          <Mesh name="horse_mane_2" affected_by_cover="true" />
          <Mesh name="horse_trotter" />
        </AdditionalMeshes>
        <Materials>
          <Material name="horse_black_mat">
            <MeshMultipliers>
              <MeshMultiplier mesh_multiplier="FF010101" percentage="0.75" />
              <MeshMultiplier mesh_multiplier="FF909090" percentage="0.25" />
            </MeshMultipliers>
          </Material>
          <Material name="horse_grey_mat">
            <MeshMultipliers>
              <MeshMultiplier mesh_multiplier="FF303030" percentage="0.75" />
              <MeshMultiplier mesh_multiplier="FF909090" percentage="0.25" />
            </MeshMultipliers>
          </Material>
        </Materials>
      </Horse>
    </ItemComponent>
    <Flags Civilian="true" />
  </Item>
  <Item id="t2_vlandia_horse" name="{=MqBSmahz}Vlandian Courser" mesh="horse_brown" subtype="horse" item_category="war_horse" culture="Culture.vlandia" weight="531" difficulty="80" appearance="1" Type="Horse" >
    <ItemComponent>
      <Horse monster="Monster.horse" maneuver="74" speed="53" charge_damage="12" body_length="109" is_mountable="true" extra_health="140" skeleton_scale="vlandia_horse">
        <AdditionalMeshes>
          <Mesh name="horse_mane_2" affected_by_cover="true" />
        </AdditionalMeshes>
        <Materials>
          <Material name="horse_brown_mat">
            <MeshMultipliers>
              <MeshMultiplier mesh_multiplier="FF010101" percentage="0.75" />
              <MeshMultiplier mesh_multiplier="FF909090" percentage="0.25" />
            </MeshMultipliers>
          </Material>
          <Material name="horse_black_mat">
            <MeshMultipliers>
              <MeshMultiplier mesh_multiplier="FF010101" percentage="0.75" />
              <MeshMultiplier mesh_multiplier="FF909090" percentage="0.25" />
            </MeshMultipliers>
          </Material>
          <Material name="horse_grey_mat">
            <MeshMultipliers>
              <MeshMultiplier mesh_multiplier="FF303030" percentage="0.75" />
              <MeshMultiplier mesh_multiplier="FF909090" percentage="0.25" />
            </MeshMultipliers>
          </Material>
          <Material name="horse_white_mat">
            <MeshMultipliers>
              <MeshMultiplier mesh_multiplier="FF303030" percentage="1.0" />
            </MeshMultipliers>
          </Material>
        </Materials>
      </Horse>
    </ItemComponent>
    <Flags Civilian="true" />
  </Item>
  <Item id="war_camel" name="{=baIE2VQW}War Camel" mesh="camel_mesh" item_category="horse" weight="622" difficulty="60" appearance="1" Type="Horse" >
    <ItemComponent>
      <Horse monster="Monster.camel" maneuver="67" speed="48" charge_damage="13" body_length="105" extra_health="220" is_pack_animal="false" is_mountable="true" />
    </ItemComponent>
    <Flags Civilian="true" />
  </Item>
  <Item id="hunter" name="{=hunterhorse}Hunter" mesh="horse_brown" item_category="horse" weight="350" difficulty="60" appearance="1" Type="Horse" >
    <ItemComponent>
      <Horse monster="Monster.horse" maneuver="65" speed="55" charge_damage="7" body_length="94" is_mountable="true" extra_health="150" modifier_group="horse">
        <AdditionalMeshes>
          <Mesh name="horse_mane" affected_by_cover="true" />
        </AdditionalMeshes>
        <Materials>
          <Material name="horse_brown_mat">
            <MeshMultipliers>
              <MeshMultiplier mesh_multiplier="FF010101" percentage="0.75" />
              <MeshMultiplier mesh_multiplier="FF909090" percentage="0.25" />
            </MeshMultipliers>
          </Material>
          <Material name="horse_black_mat">
            <MeshMultipliers>
              <MeshMultiplier mesh_multiplier="FF010101" percentage="0.75" />
              <MeshMultiplier mesh_multiplier="FF909090" percentage="0.25" />
            </MeshMultipliers>
          </Material>
          <Material name="horse_grey_mat">
            <MeshMultipliers>
              <MeshMultiplier mesh_multiplier="FF303030" percentage="0.75" />
              <MeshMultiplier mesh_multiplier="FF909090" percentage="0.25" />
            </MeshMultipliers>
          </Material>
          <Material name="horse_white_mat">
            <MeshMultipliers>
              <MeshMultiplier mesh_multiplier="FF303030" percentage="1.0" />
            </MeshMultipliers>
          </Material>
        </Materials>
      </Horse>
    </ItemComponent>
    <Flags Civilian="true" />
  </Item>
  <Item id="charger" name="{=h5kfaD4v}Charger" mesh="horse_brown" item_category="war_horse" difficulty="70" weight="400" appearance="1" Type="Horse" >
    <ItemComponent>
      <Horse monster="Monster.horse" maneuver="75" speed="50" charge_damage="12" body_length="119" is_mountable="true" extra_health="200" modifier_group="horse">
        <AdditionalMeshes>
          <Mesh name="horse_mane" affected_by_cover="true" />
        </AdditionalMeshes>
        <Materials>
          <Material name="horse_brown_mat">
            <MeshMultipliers>
              <MeshMultiplier mesh_multiplier="FF010101" percentage="0.75" />
              <MeshMultiplier mesh_multiplier="FF909090" percentage="0.25" />
            </MeshMultipliers>
          </Material>
          <Material name="horse_black_mat">
            <MeshMultipliers>
              <MeshMultiplier mesh_multiplier="FF010101" percentage="0.75" />
              <MeshMultiplier mesh_multiplier="FF909090" percentage="0.25" />
            </MeshMultipliers>
          </Material>
        </Materials>
      </Horse>
    </ItemComponent>
    <Flags Civilian="true" />
  </Item>
  <!-- #endregion -->
  <!-- #region Tier 4 -->
  <!-- #endregion -->
  <!-- #region Tier 5 -->
  <Item id="noble_horse_southern" name="{=Q4sO8AZd}Wadar Hotblood" mesh="horse_brown" item_category="horse" subtype="horse" weight="520" difficulty="120" is_merchandise="false" culture="Culture.aserai" Type="Horse" >
    <ItemComponent>
      <Horse monster="Monster.horse" maneuver="70" speed="61" charge_damage="10" body_length="110" is_mountable="true" extra_health="125" modifier_group="horse">
        <AdditionalMeshes>
          <Mesh name="horse_mane" affected_by_cover="true" />
        </AdditionalMeshes>
        <Materials>
          <Material name="horse_brown_mat">
            <MeshMultipliers>
              <MeshMultiplier mesh_multiplier="FF010101" percentage="0.75" />
              <MeshMultiplier mesh_multiplier="FF909090" percentage="0.25" />
            </MeshMultipliers>
          </Material>
          <Material name="horse_black_mat">
            <MeshMultipliers>
              <MeshMultiplier mesh_multiplier="FF010101" percentage="0.75" />
              <MeshMultiplier mesh_multiplier="FF909090" percentage="0.25" />
            </MeshMultipliers>
          </Material>
          <Material name="horse_grey_mat">
            <MeshMultipliers>
              <MeshMultiplier mesh_multiplier="FF303030" percentage="0.75" />
              <MeshMultiplier mesh_multiplier="FF909090" percentage="0.25" />
            </MeshMultipliers>
          </Material>
          <Material name="horse_white_mat">
            <MeshMultipliers>
              <MeshMultiplier mesh_multiplier="FF303030" percentage="1.0" />
            </MeshMultipliers>
          </Material>
        </Materials>
      </Horse>
    </ItemComponent>
    <Flags Civilian="true" />
  </Item>
  <Item id="noble_horse_imperial" name="{=ueSnrLRy}Cossian" mesh="horse_brown" item_category="horse" subtype="horse" is_merchandise="false" weight="562" culture="Culture.empire" difficulty="110" Type="Horse" >
    <ItemComponent>
      <Horse monster="Monster.horse" maneuver="75" speed="55" charge_damage="15" body_length="114" is_mountable="true" extra_health="215" modifier_group="horse">
        <AdditionalMeshes>
          <Mesh name="horse_mane" affected_by_cover="true" />
        </AdditionalMeshes>
        <Materials>
          <Material name="horse_brown_mat">
            <MeshMultipliers>
              <MeshMultiplier mesh_multiplier="FF010101" percentage="0.75" />
              <MeshMultiplier mesh_multiplier="FF909090" percentage="0.25" />
            </MeshMultipliers>
          </Material>
          <Material name="horse_black_mat">
            <MeshMultipliers>
              <MeshMultiplier mesh_multiplier="FF010101" percentage="0.75" />
              <MeshMultiplier mesh_multiplier="FF909090" percentage="0.25" />
            </MeshMultipliers>
          </Material>
          <Material name="horse_grey_mat">
            <MeshMultipliers>
              <MeshMultiplier mesh_multiplier="FF303030" percentage="0.75" />
              <MeshMultiplier mesh_multiplier="FF909090" percentage="0.25" />
            </MeshMultipliers>
          </Material>
          <Material name="horse_white_mat">
            <MeshMultipliers>
              <MeshMultiplier mesh_multiplier="FF303030" percentage="1.0" />
            </MeshMultipliers>
          </Material>
        </Materials>
      </Horse>
    </ItemComponent>
    <Flags Civilian="true" />
  </Item>
  <Item id="noble_horse_eastern" name="{=qXb7YoGc}Asaligat" mesh="horse_brown" is_merchandise="false" item_category="horse" subtype="horse" culture="Culture.khuzait" weight="510" difficulty="120" Type="Horse" >
    <ItemComponent>
      <Horse monster="Monster.horse" maneuver="82" speed="56" charge_damage="10" body_length="98" is_mountable="true" extra_health="175" modifier_group="horse">
        <AdditionalMeshes>
          <Mesh name="horse_mane" affected_by_cover="true" />
        </AdditionalMeshes>
        <Materials>
          <Material name="steppe_horse">
            <MeshMultipliers>
              <MeshMultiplier mesh_multiplier="FF08080B" percentage="1.0" />
              <MeshMultiplier mesh_multiplier="FF909090" percentage="0.25" />
            </MeshMultipliers>
          </Material>
        </Materials>
      </Horse>
    </ItemComponent>
    <Flags Civilian="true" />
  </Item>
  <Item id="noble_horse_northern" name="{=jhgVsWKr}Tyal Horse" mesh="horse_brown" item_category="horse" culture="Culture.sturgia" is_merchandise="false" subtype="horse" weight="515" difficulty="110" Type="Horse" >
    <ItemComponent>
      <Horse monster="Monster.horse" maneuver="69" speed="59" charge_damage="11" body_length="100" is_mountable="true" extra_health="185" modifier_group="horse">
        <AdditionalMeshes>
          <Mesh name="horse_mane" affected_by_cover="true" />
        </AdditionalMeshes>
        <Materials>
          <Material name="horse_black_mat">
            <MeshMultipliers>
              <MeshMultiplier mesh_multiplier="FF010101" percentage="0.75" />
              <MeshMultiplier mesh_multiplier="FF909090" percentage="0.25" />
            </MeshMultipliers>
          </Material>
          <Material name="horse_grey_mat">
            <MeshMultipliers>
              <MeshMultiplier mesh_multiplier="FF303030" percentage="0.75" />
              <MeshMultiplier mesh_multiplier="FF909090" percentage="0.25" />
            </MeshMultipliers>
          </Material>
        </Materials>
      </Horse>
    </ItemComponent>
    <Flags Civilian="true" />
  </Item>
  <Item id="noble_horse_western" name="{=SZrd85Uh}Royal Destrier" mesh="horse_brown" culture="Culture.vlandia" item_category="horse" is_merchandise="false" subtype="horse" weight="533" difficulty="120" Type="Horse" >
    <ItemComponent>
      <Horse monster="Monster.horse" maneuver="79" speed="58" charge_damage="13" body_length="109" is_mountable="true" extra_health="165" modifier_group="horse">
        <AdditionalMeshes>
          <Mesh name="horse_mane" affected_by_cover="true" />
        </AdditionalMeshes>
        <Materials>
          <Material name="horse_brown_mat">
            <MeshMultipliers>
              <MeshMultiplier mesh_multiplier="FF010101" percentage="0.75" />
              <MeshMultiplier mesh_multiplier="FF909090" percentage="0.25" />
            </MeshMultipliers>
          </Material>
          <Material name="horse_black_mat">
            <MeshMultipliers>
              <MeshMultiplier mesh_multiplier="FF010101" percentage="0.75" />
              <MeshMultiplier mesh_multiplier="FF909090" percentage="0.25" />
            </MeshMultipliers>
          </Material>
          <Material name="horse_grey_mat">
            <MeshMultipliers>
              <MeshMultiplier mesh_multiplier="FF303030" percentage="0.75" />
              <MeshMultiplier mesh_multiplier="FF909090" percentage="0.25" />
            </MeshMultipliers>
          </Material>
          <Material name="horse_white_mat">
            <MeshMultipliers>
              <MeshMultiplier mesh_multiplier="FF303030" percentage="1.0" />
            </MeshMultipliers>
          </Material>
        </Materials>
      </Horse>
    </ItemComponent>
    <Flags Civilian="true" />
  </Item>
  <Item id="special_camel" name="{=Goloz0Vm}Husnphree" is_merchandise="false" culture="Culture.aserai" mesh="camel_mesh" item_category="horse" weight="550" difficulty="90" appearance="1" Type="Horse" >
    <ItemComponent>
      <Horse monster="Monster.camel" maneuver="69" speed="52" charge_damage="15" body_length="115" extra_health="290" is_pack_animal="false" is_mountable="true" />
    </ItemComponent>
    <Flags Civilian="true" />
  </Item>
  <Item id="noble_horse_battania" name="{=ccLDacS4}Battanian Thoroughbred" mesh="horse_brown" item_category="horse" is_merchandise="false" culture="Culture.battania" subtype="horse" weight="532" difficulty="100" Type="Horse" >
    <ItemComponent>
      <Horse monster="Monster.horse" maneuver="70" speed="57" charge_damage="10" body_length="111" is_mountable="true" extra_health="165" modifier_group="horse">
        <AdditionalMeshes>
          <Mesh name="horse_mane" affected_by_cover="true" />
        </AdditionalMeshes>
        <Materials>
          <Material name="horse_brown_mat">
            <MeshMultipliers>
              <MeshMultiplier mesh_multiplier="FF010101" percentage="0.75" />
              <MeshMultiplier mesh_multiplier="FF909090" percentage="0.25" />
            </MeshMultipliers>
          </Material>
          <Material name="horse_black_mat">
            <MeshMultipliers>
              <MeshMultiplier mesh_multiplier="FF010101" percentage="0.75" />
              <MeshMultiplier mesh_multiplier="FF909090" percentage="0.25" />
            </MeshMultipliers>
          </Material>
        </Materials>
      </Horse>
    </ItemComponent>
    <Flags Civilian="true" />
  </Item>
  <!-- #endregion -->
  <!-- #region Delete -->
  <Item id="noble_horse" name="{=CIT7Zuxh}Pureblood" mesh="horse_brown" item_category="horse" is_merchandise="false" subtype="horse" weight="400" difficulty="100" Type="Horse" >
    <ItemComponent>
      <Horse monster="Monster.horse" maneuver="70" speed="55" charge_damage="35" body_length="115" is_mountable="true" extra_health="170" modifier_group="horse">
        <AdditionalMeshes>
          <Mesh name="horse_mane" affected_by_cover="true" />
        </AdditionalMeshes>
        <Materials>
          <Material name="horse_brown_mat">
            <MeshMultipliers>
              <MeshMultiplier mesh_multiplier="FF010101" percentage="0.75" />
              <MeshMultiplier mesh_multiplier="FF909090" percentage="0.25" />
            </MeshMultipliers>
          </Material>
          <Material name="horse_black_mat">
            <MeshMultipliers>
              <MeshMultiplier mesh_multiplier="FF010101" percentage="0.75" />
              <MeshMultiplier mesh_multiplier="FF909090" percentage="0.25" />
            </MeshMultipliers>
          </Material>
          <Material name="horse_grey_mat">
            <MeshMultipliers>
              <MeshMultiplier mesh_multiplier="FF303030" percentage="0.75" />
              <MeshMultiplier mesh_multiplier="FF909090" percentage="0.25" />
            </MeshMultipliers>
          </Material>
          <Material name="horse_white_mat">
            <MeshMultipliers>
              <MeshMultiplier mesh_multiplier="FF303030" percentage="1.0" />
            </MeshMultipliers>
          </Material>
        </Materials>
      </Horse>
    </ItemComponent>
    <Flags Civilian="true" />
  </Item>
  <Item id="storm_charger" name="{=1aOuyULB}Storm Charger" mesh="horse_brown" is_merchandise="false" item_category="war_horse" difficulty="100" weight="430" appearance="1" Type="Horse" >
    <ItemComponent>
      <Horse monster="Monster.horse" mane_mesh="horse_mane" maneuver="60" speed="60" charge_damage="20" body_length="100" is_mountable="true" extra_health="150" modifier_group="horse">
        <Materials>
          <Material name="horse_brown_mat">
            <MeshMultipliers>
              <MeshMultiplier mesh_multiplier="FF010101" percentage="0.75" />
              <MeshMultiplier mesh_multiplier="FF909090" percentage="0.25" />
            </MeshMultipliers>
          </Material>
          <Material name="horse_black_mat">
            <MeshMultipliers>
              <MeshMultiplier mesh_multiplier="FF010101" percentage="0.75" />
              <MeshMultiplier mesh_multiplier="FF909090" percentage="0.25" />
            </MeshMultipliers>
          </Material>
          <Material name="horse_grey_mat">
            <MeshMultipliers>
              <MeshMultiplier mesh_multiplier="FF303030" percentage="0.75" />
              <MeshMultiplier mesh_multiplier="FF909090" percentage="0.25" />
            </MeshMultipliers>
          </Material>
          <Material name="horse_white_mat">
            <MeshMultipliers>
              <MeshMultiplier mesh_multiplier="FF303030" percentage="1.0" />
            </MeshMultipliers>
          </Material>
        </Materials>
      </Horse>
    </ItemComponent>
    <Flags Civilian="true" />
  </Item>
  <Item id="war_horse" name="{=UqdZmdcf}War Horse" mesh="horse_brown" item_category="war_horse" is_merchandise="false" difficulty="80" weight="500" appearance="1" Type="Horse" >
    <ItemComponent>
      <Horse monster="Monster.horse_2" maneuver="65" speed="57" charge_damage="25" body_length="105" is_mountable="true" extra_health="200" modifier_group="horse">
        <AdditionalMeshes>
          <Mesh name="horse_mane" affected_by_cover="true" />
        </AdditionalMeshes>
        <Materials>
          <Material name="horse_brown_mat">
            <MeshMultipliers>
              <MeshMultiplier mesh_multiplier="FF010101" percentage="0.75" />
              <MeshMultiplier mesh_multiplier="FF909090" percentage="0.25" />
            </MeshMultipliers>
          </Material>
          <Material name="horse_black_mat">
            <MeshMultipliers>
              <MeshMultiplier mesh_multiplier="FF010101" percentage="0.75" />
              <MeshMultiplier mesh_multiplier="FF909090" percentage="0.25" />
            </MeshMultipliers>
          </Material>
          <Material name="horse_grey_mat">
            <MeshMultipliers>
              <MeshMultiplier mesh_multiplier="FF303030" percentage="0.75" />
              <MeshMultiplier mesh_multiplier="FF909090" percentage="0.25" />
            </MeshMultipliers>
          </Material>
          <Material name="horse_white_mat">
            <MeshMultipliers>
              <MeshMultiplier mesh_multiplier="FF303030" percentage="1.0" />
            </MeshMultipliers>
          </Material>
        </Materials>
      </Horse>
    </ItemComponent>
    <Flags Civilian="true" />
  </Item>
  <Item id="steppe_war_horse" name="{=yGwxXsIL}Steppe War Horse" mesh="horse_brown" item_category="war_horse" culture="Culture.khuzait" is_merchandise="false" difficulty="100" weight="460" appearance="1" Type="Horse" >
    <ItemComponent>
      <Horse monster="Monster.horse" maneuver="70" speed="55" charge_damage="20" body_length="100" is_mountable="true" extra_health="160" modifier_group="horse">
        <AdditionalMeshes>
          <Mesh name="horse_mane" affected_by_cover="true" />
        </AdditionalMeshes>
        <Materials>
          <Material name="horse_brown_mat">
            <MeshMultipliers>
              <MeshMultiplier mesh_multiplier="FF010101" percentage="0.75" />
              <MeshMultiplier mesh_multiplier="FF909090" percentage="0.25" />
            </MeshMultipliers>
          </Material>
          <Material name="horse_black_mat">
            <MeshMultipliers>
              <MeshMultiplier mesh_multiplier="FF010101" percentage="0.75" />
              <MeshMultiplier mesh_multiplier="FF909090" percentage="0.25" />
            </MeshMultipliers>
          </Material>
          <Material name="horse_grey_mat">
            <MeshMultipliers>
              <MeshMultiplier mesh_multiplier="FF303030" percentage="0.75" />
              <MeshMultiplier mesh_multiplier="FF909090" percentage="0.25" />
            </MeshMultipliers>
          </Material>
          <Material name="horse_white_mat">
            <MeshMultipliers>
              <MeshMultiplier mesh_multiplier="FF303030" percentage="1.0" />
            </MeshMultipliers>
          </Material>
        </Materials>
      </Horse>
    </ItemComponent>
    <Flags Civilian="true" />
  </Item>
  <Item id="desert_war_horse" name="{=24xuA5G2}Desert War Horse" mesh="horse_brown" item_category="war_horse" culture="Culture.aserai" is_merchandise="false" difficulty="100" weight="480" appearance="1" Type="Horse" >
    <ItemComponent>
      <Horse monster="Monster.horse" maneuver="55" speed="65" charge_damage="25" body_length="100" is_mountable="true" extra_health="120" modifier_group="horse">
        <AdditionalMeshes>
          <Mesh name="horse_mane" affected_by_cover="true" />
        </AdditionalMeshes>
        <Materials>
          <Material name="horse_brown_mat">
            <MeshMultipliers>
              <MeshMultiplier mesh_multiplier="FF010101" percentage="0.75" />
              <MeshMultiplier mesh_multiplier="FF909090" percentage="0.25" />
            </MeshMultipliers>
          </Material>
          <Material name="horse_black_mat">
            <MeshMultipliers>
              <MeshMultiplier mesh_multiplier="FF010101" percentage="0.75" />
              <MeshMultiplier mesh_multiplier="FF909090" percentage="0.25" />
            </MeshMultipliers>
          </Material>
          <Material name="horse_grey_mat">
            <MeshMultipliers>
              <MeshMultiplier mesh_multiplier="FF303030" percentage="0.75" />
              <MeshMultiplier mesh_multiplier="FF909090" percentage="0.25" />
            </MeshMultipliers>
          </Material>
          <Material name="horse_white_mat">
            <MeshMultipliers>
              <MeshMultiplier mesh_multiplier="FF303030" percentage="1.0" />
            </MeshMultipliers>
          </Material>
        </Materials>
      </Horse>
    </ItemComponent>
    <Flags Civilian="true" />
  </Item>
  <!-- #New horses 1.9.0 -->
  
  <Item id="aserai_horse_tournament"
        name="{=h7IWO4DV}Desert Horse"
        mesh="horse_brown"
        subtype="horse"
        item_category="horse"
        culture="Culture.aserai"
        weight="370"
        is_merchandise="false"
        difficulty="0"
        appearance="0.3"
        Type="Horse">
    <ItemComponent>
<Horse monster="Monster.horse" maneuver="56" speed="50" charge_damage="10" body_length="108" is_mountable="true" extra_health="0" skeleton_scale="aserai_horse" modifier_group="horse">
        <AdditionalMeshes>
          <Mesh name="horse_mane"
                affected_by_cover="true" />
        </AdditionalMeshes>
        <Materials>
          <Material name="horse_brown_mat">
            <MeshMultipliers>
              <MeshMultiplier mesh_multiplier="FF010101"
                              percentage="0.75" />
              <MeshMultiplier mesh_multiplier="FF909090"
                              percentage="0.25" />
            </MeshMultipliers>
          </Material>
          <Material name="horse_black_mat">
            <MeshMultipliers>
              <MeshMultiplier mesh_multiplier="FF010101"
                              percentage="0.75" />
              <MeshMultiplier mesh_multiplier="FF909090"
                              percentage="0.25" />
            </MeshMultipliers>
          </Material>
          <Material name="horse_grey_mat">
            <MeshMultipliers>
              <MeshMultiplier mesh_multiplier="FF303030"
                              percentage="0.75" />
              <MeshMultiplier mesh_multiplier="FF909090"
                              percentage="0.25" />
            </MeshMultipliers>
          </Material>
          <Material name="horse_white_mat">
            <MeshMultipliers>
              <MeshMultiplier mesh_multiplier="FF303030"
                              percentage="1.0" />
            </MeshMultipliers>
          </Material>
        </Materials>
      </Horse>
    </ItemComponent>
    <Flags Civilian="true" />
  </Item>
  <Item id="battania_horse_tournament"
        name="{=sgfKrAaZ}Battanian Pony"
        mesh="horse_brown"
        subtype="horse"
        item_category="horse"
        culture="Culture.battania"
        weight="410"
        is_merchandise="false"
        difficulty="0"
        appearance="1"
        Type="Horse">
    <ItemComponent>
      <Horse monster="Monster.horse" maneuver="56" speed="44" charge_damage="10" body_length="98" is_mountable="true" extra_health="50" skeleton_scale="battania_horse">
        <AdditionalMeshes>
          <Mesh name="horse_mane_2"
                affected_by_cover="true" />
          <Mesh name="horse_trotter" />
        </AdditionalMeshes>
        <Materials>
          <Material name="dales_pony_mat">
            <MeshMultipliers>
              <MeshMultiplier mesh_multiplier="FF08080B"
                              percentage="1.0" />
            </MeshMultipliers>
          </Material>
        </Materials>
      </Horse>
    </ItemComponent>
    <Flags Civilian="true" />
  </Item>
  <Item id="empire_horse_tournament"
        name="{=IOt4KTHs}Midlands Palfrey"
        mesh="horse_brown"
        subtype="horse"
        item_category="horse"
        is_merchandise="false"
        culture="Culture.empire"
        weight="370"
        difficulty="0"
        appearance="1"
        Type="Horse">
    <ItemComponent>
      <Horse monster="Monster.horse" maneuver="61" speed="47" charge_damage="10" body_length="110" is_mountable="true" extra_health="0" skeleton_scale="empire_horse">
        <AdditionalMeshes>
          <Mesh name="horse_mane_2"
                affected_by_cover="true" />
        </AdditionalMeshes>
        <Materials>
          <Material name="horse_brown_mat">
            <MeshMultipliers>
              <MeshMultiplier mesh_multiplier="FF010101"
                              percentage="0.75" />
              <MeshMultiplier mesh_multiplier="FF909090"
                              percentage="0.25" />
            </MeshMultipliers>
          </Material>
          <Material name="horse_black_mat">
            <MeshMultipliers>
              <MeshMultiplier mesh_multiplier="FF010101"
                              percentage="0.75" />
              <MeshMultiplier mesh_multiplier="FF909090"
                              percentage="0.25" />
            </MeshMultipliers>
          </Material>
          <Material name="horse_grey_mat">
            <MeshMultipliers>
              <MeshMultiplier mesh_multiplier="FF303030"
                              percentage="0.75" />
              <MeshMultiplier mesh_multiplier="FF909090"
                              percentage="0.25" />
            </MeshMultipliers>
          </Material>
          <Material name="horse_white_mat">
            <MeshMultipliers>
              <MeshMultiplier mesh_multiplier="FF303030"
                              percentage="1.0" />
            </MeshMultipliers>
          </Material>
        </Materials>
      </Horse>
    </ItemComponent>
    <Flags Civilian="true" />
  </Item>
  <Item id="khuzait_horse_tournament"
        name="{=YAYhozbN}Steppe Horse"
        mesh="horse_brown"
        item_category="horse"
        culture="Culture.khuzait"
        subtype="horse"
        weight="365"
        difficulty="0"
        is_merchandise="false"
        appearance="1"
        Type="Horse">
    <ItemComponent>
      <Horse monster="Monster.horse" maneuver="69" speed="46" charge_damage="8" body_length="94" is_mountable="true" extra_health="10" skeleton_scale="khuzait_horse">
        <AdditionalMeshes>
          <Mesh name="horse_mane"
                affected_by_cover="true" />
        </AdditionalMeshes>
        <Materials>
          <Material name="steppe_horse">
            <MeshMultipliers>
              <MeshMultiplier mesh_multiplier="FF08080B"
                              percentage="1.0" />
              <MeshMultiplier mesh_multiplier="FF909090"
                              percentage="0.25" />
            </MeshMultipliers>
          </Material>
        </Materials>
      </Horse>
    </ItemComponent>
    <Flags Civilian="true" />
  </Item>
  <Item id="sturgia_horse_tournament"
        name="{=QwiI8Uho}Sturgian Trotter"
        mesh="horse_brown"
        subtype="horse"
        item_category="horse"
        culture="Culture.sturgia"
        weight="405"
        difficulty="0"
        is_merchandise="false"
        appearance="1"
        Type="Horse">
    <ItemComponent>
      <Horse monster="Monster.horse" maneuver="62" speed="44" charge_damage="10" body_length="100" is_mountable="true" extra_health="20" skeleton_scale="sturgia_horse">
        <AdditionalMeshes>
          <Mesh name="horse_mane_2"
                affected_by_cover="true" />
          <Mesh name="horse_trotter" />
        </AdditionalMeshes>
        <Materials>
          <Material name="horse_black_mat">
            <MeshMultipliers>
              <MeshMultiplier mesh_multiplier="FF010101"
                              percentage="0.75" />
              <MeshMultiplier mesh_multiplier="FF909090"
                              percentage="0.25" />
            </MeshMultipliers>
          </Material>
          <Material name="horse_grey_mat">
            <MeshMultipliers>
              <MeshMultiplier mesh_multiplier="FF303030"
                              percentage="0.75" />
              <MeshMultiplier mesh_multiplier="FF909090"
                              percentage="0.25" />
            </MeshMultipliers>
          </Material>
        </Materials>
      </Horse>
    </ItemComponent>
    <Flags Civilian="true" />
  </Item>
  <Item id="vlandia_horse_tournament"
        name="{=AIu3kKvz}Saddle Horse"
        mesh="horse_brown"
        subtype="horse"
        item_category="horse"
        culture="Culture.vlandia"
        weight="390"
        difficulty="0"
        is_merchandise="false"
        appearance="1"
        Type="Horse">
    <ItemComponent>
      <Horse monster="Monster.horse" maneuver="55" speed="48" charge_damage="12" body_length="109" is_mountable="true" skeleton_scale="vlandia_horse">
        <AdditionalMeshes>
          <Mesh name="horse_mane_2"
                affected_by_cover="true" />
        </AdditionalMeshes>
        <Materials>
          <Material name="horse_brown_mat">
            <MeshMultipliers>
              <MeshMultiplier mesh_multiplier="FF010101"
                              percentage="0.75" />
              <MeshMultiplier mesh_multiplier="FF909090"
                              percentage="0.25" />
            </MeshMultipliers>
          </Material>
          <Material name="horse_black_mat">
            <MeshMultipliers>
              <MeshMultiplier mesh_multiplier="FF010101"
                              percentage="0.75" />
              <MeshMultiplier mesh_multiplier="FF909090"
                              percentage="0.25" />
            </MeshMultipliers>
          </Material>
          <Material name="horse_grey_mat">
            <MeshMultipliers>
              <MeshMultiplier mesh_multiplier="FF303030"
                              percentage="0.75" />
              <MeshMultiplier mesh_multiplier="FF909090"
                              percentage="0.25" />
            </MeshMultipliers>
          </Material>
          <Material name="horse_white_mat">
            <MeshMultipliers>
              <MeshMultiplier mesh_multiplier="FF303030"
                              percentage="1.0" />
            </MeshMultipliers>
          </Material>
        </Materials>
      </Horse>
    </ItemComponent>
    <Flags Civilian="true" />
  </Item>
  <Item id="camel_tournament"
        name="{=CQBiJLgv}Camel"
        mesh="camel_mesh"
        item_category="horse"
        culture="Culture.aserai"
        weight="500"
        difficulty="0"
        is_merchandise="false"
        appearance="1"
        Type="Horse">
    <ItemComponent>
      <Horse monster="Monster.camel" maneuver="65" speed="44" charge_damage="10" body_length="95" extra_health="15" is_pack_animal="false" is_mountable="true" />
    </ItemComponent>
    <Flags Civilian="true" />
  </Item>
  
  <Item id="saddle_horse"
        name="{=KFGfTXqE}Saddle Horse"
        mesh="horse_brown"
        item_category="sumpter_horse"
        difficulty="0"
        weight="420"
        value="140"
        Type="Horse">
    <ItemComponent>
      <Horse monster="Monster.horse" maneuver="50" speed="40" charge_damage="8" body_length="102" is_mountable="true" is_pack_animal="true" extra_health="0" modifier_group="horse">
        <AdditionalMeshes>
          <Mesh name="horse_mane"
                affected_by_cover="true" />
        </AdditionalMeshes>
        <Materials>
          <Material name="horse_brown_mat">
            <MeshMultipliers>
              <MeshMultiplier mesh_multiplier="FF010101"
                              percentage="0.75" />
              <MeshMultiplier mesh_multiplier="FF909090"
                              percentage="0.25" />
            </MeshMultipliers>
          </Material>
          <Material name="horse_black_mat">
            <MeshMultipliers>
              <MeshMultiplier mesh_multiplier="FF010101"
                              percentage="0.75" />
              <MeshMultiplier mesh_multiplier="FF909090"
                              percentage="0.25" />
            </MeshMultipliers>
          </Material>
          <Material name="horse_grey_mat">
            <MeshMultipliers>
              <MeshMultiplier mesh_multiplier="FF303030"
                              percentage="0.75" />
              <MeshMultiplier mesh_multiplier="FF909090"
                              percentage="0.25" />
            </MeshMultipliers>
          </Material>
          <Material name="horse_white_mat">
            <MeshMultipliers>
              <MeshMultiplier mesh_multiplier="FF303030"
                              percentage="1.0" />
            </MeshMultipliers>
          </Material>
        </Materials>
      </Horse>
    </ItemComponent>
    <Flags Civilian="true" />
  </Item>
  
  <!-- #region Tier 3 -->
  <Item id="t3_aserai_horse"
        name="{=gnvIGThE}Askarat"
        mesh="horse_brown"
        subtype="horse"
        item_category="noble_horse"
        culture="Culture.aserai"
        weight="500"
        difficulty="65"
        appearance="0"
        Type="Horse">
    <ItemComponent>
      <Horse monster="Monster.horse" maneuver="67" speed="58" charge_damage="8" body_length="108" is_mountable="true" extra_health="130" skeleton_scale="aserai_horse" modifier_group="horse">
        <AdditionalMeshes>
          <Mesh name="horse_mane"
                affected_by_cover="true" />
        </AdditionalMeshes>
        <Materials>
          <Material name="horse_brown_mat">
            <MeshMultipliers>
              <MeshMultiplier mesh_multiplier="FF010101"
                              percentage="0.75" />
              <MeshMultiplier mesh_multiplier="FF909090"
                              percentage="0.25" />
            </MeshMultipliers>
          </Material>
          <Material name="horse_black_mat">
            <MeshMultipliers>
              <MeshMultiplier mesh_multiplier="FF010101"
                              percentage="0.75" />
              <MeshMultiplier mesh_multiplier="FF909090"
                              percentage="0.25" />
            </MeshMultipliers>
          </Material>
          <Material name="horse_grey_mat">
            <MeshMultipliers>
              <MeshMultiplier mesh_multiplier="FF303030"
                              percentage="0.75" />
              <MeshMultiplier mesh_multiplier="FF909090"
                              percentage="0.25" />
            </MeshMultipliers>
          </Material>
          <Material name="horse_white_mat">
            <MeshMultipliers>
              <MeshMultiplier mesh_multiplier="FF303030"
                              percentage="1.0" />
            </MeshMultipliers>
          </Material>
        </Materials>
      </Horse>
    </ItemComponent>
    <Flags Civilian="true" />
  </Item>
  <Item id="t3_battania_horse"
        name="{=tZN9H492}Swenryn Pony"
        mesh="horse_brown"
        subtype="horse"
        item_category="noble_horse"
        culture="Culture.battania"
        weight="430"
        difficulty="50"
        appearance="0"
        Type="Horse">
    <ItemComponent>
      <Horse monster="Monster.horse" maneuver="67" speed="54" charge_damage="12" body_length="111" is_mountable="true" extra_health="170" skeleton_scale="battania_horse">
        <AdditionalMeshes>
          <Mesh name="horse_mane_2"
                affected_by_cover="true" />
          <Mesh name="horse_trotter" />
        </AdditionalMeshes>
        <Materials>
          <Material name="dales_pony_mat">
            <MeshMultipliers>
              <MeshMultiplier mesh_multiplier="FF08080B"
                              percentage="1.0" />
            </MeshMultipliers>
          </Material>
        </Materials>
      </Horse>
    </ItemComponent>
    <Flags Civilian="true" />
  </Item>
  <Item id="t3_empire_horse"
        name="{=mVAaWp5U}Palmatian"
        mesh="horse_brown"
        subtype="horse"
        item_category="noble_horse"
        culture="Culture.empire"
        weight="520"
        difficulty="60"
        appearance="0"
        Type="Horse">
    <ItemComponent>
      <Horse monster="Monster.horse" maneuver="72" speed="52" charge_damage="13" body_length="115" is_mountable="true" extra_health="220" skeleton_scale="empire_horse">
        <AdditionalMeshes>
          <Mesh name="horse_mane_2"
                affected_by_cover="true" />
        </AdditionalMeshes>
        <Materials>
          <Material name="horse_brown_mat">
            <MeshMultipliers>
              <MeshMultiplier mesh_multiplier="FF010101"
                              percentage="0.75" />
              <MeshMultiplier mesh_multiplier="FF909090"
                              percentage="0.25" />
            </MeshMultipliers>
          </Material>
          <Material name="horse_black_mat">
            <MeshMultipliers>
              <MeshMultiplier mesh_multiplier="FF010101"
                              percentage="0.75" />
              <MeshMultiplier mesh_multiplier="FF909090"
                              percentage="0.25" />
            </MeshMultipliers>
          </Material>
          <Material name="horse_grey_mat">
            <MeshMultipliers>
              <MeshMultiplier mesh_multiplier="FF303030"
                              percentage="0.75" />
              <MeshMultiplier mesh_multiplier="FF909090"
                              percentage="0.25" />
            </MeshMultipliers>
          </Material>
          <Material name="horse_white_mat">
            <MeshMultipliers>
              <MeshMultiplier mesh_multiplier="FF303030"
                              percentage="1.0" />
            </MeshMultipliers>
          </Material>
        </Materials>
      </Horse>
    </ItemComponent>
    <Flags Civilian="true" />
  </Item>
  <Item id="t3_khuzait_horse"
        name="{=PZPphq6H}Karahan"
        mesh="horse_brown"
        item_category="noble_horse"
        culture="Culture.khuzait"
        subtype="horse"
        weight="460"
        difficulty="60"
        appearance="0"
        Type="Horse">
    <ItemComponent>
      <Horse monster="Monster.horse" maneuver="79" speed="53" charge_damage="10" body_length="94" is_mountable="true" extra_health="180" skeleton_scale="khuzait_horse">
        <AdditionalMeshes>
          <Mesh name="horse_mane"
                affected_by_cover="true" />
        </AdditionalMeshes>
        <Materials>
          <Material name="steppe_horse">
            <MeshMultipliers>
              <MeshMultiplier mesh_multiplier="FF08080B"
                              percentage="1.0" />
              <MeshMultiplier mesh_multiplier="FF909090"
                              percentage="0.25" />
            </MeshMultipliers>
          </Material>
        </Materials>
      </Horse>
    </ItemComponent>
    <Flags Civilian="true" />
  </Item>
  <Item id="t3_sturgia_horse"
        name="{=Ejx5lXjk}Omor Trotter"
        mesh="horse_brown"
        subtype="horse"
        item_category="noble_horse"
        culture="Culture.sturgia"
        weight="500"
        difficulty="55"
        appearance="0"
        Type="Horse">
    <ItemComponent>
      <Horse monster="Monster.horse" maneuver="66" speed="56" charge_damage="10" body_length="100" is_mountable="true" extra_health="190" skeleton_scale="sturgia_horse">
        <AdditionalMeshes>
          <Mesh name="horse_mane_2"
                affected_by_cover="true" />
          <Mesh name="horse_trotter" />
        </AdditionalMeshes>
        <Materials>
          <Material name="horse_black_mat">
            <MeshMultipliers>
              <MeshMultiplier mesh_multiplier="FF010101"
                              percentage="0.75" />
              <MeshMultiplier mesh_multiplier="FF909090"
                              percentage="0.25" />
            </MeshMultipliers>
          </Material>
          <Material name="horse_grey_mat">
            <MeshMultipliers>
              <MeshMultiplier mesh_multiplier="FF303030"
                              percentage="0.75" />
              <MeshMultiplier mesh_multiplier="FF909090"
                              percentage="0.25" />
            </MeshMultipliers>
          </Material>
        </Materials>
      </Horse>
    </ItemComponent>
    <Flags Civilian="true" />
  </Item>
  <Item id="t3_vlandia_horse"
        name="{=MqBSmahz}Destrier"
        mesh="horse_brown"
        subtype="horse"
        item_category="noble_horse"
        culture="Culture.vlandia"
        weight="550"
        difficulty="60"
        appearance="0"
        Type="Horse">
    <ItemComponent>
      <Horse monster="Monster.horse" maneuver="76" speed="55" charge_damage="13" body_length="109" is_mountable="true" extra_health="170" skeleton_scale="vlandia_horse">
        <AdditionalMeshes>
          <Mesh name="horse_mane_2"
                affected_by_cover="true" />
        </AdditionalMeshes>
        <Materials>
          <Material name="horse_brown_mat">
            <MeshMultipliers>
              <MeshMultiplier mesh_multiplier="FF010101"
                              percentage="0.75" />
              <MeshMultiplier mesh_multiplier="FF909090"
                              percentage="0.25" />
            </MeshMultipliers>
          </Material>
          <Material name="horse_black_mat">
            <MeshMultipliers>
              <MeshMultiplier mesh_multiplier="FF010101"
                              percentage="0.75" />
              <MeshMultiplier mesh_multiplier="FF909090"
                              percentage="0.25" />
            </MeshMultipliers>
          </Material>
          <Material name="horse_grey_mat">
            <MeshMultipliers>
              <MeshMultiplier mesh_multiplier="FF303030"
                              percentage="0.75" />
              <MeshMultiplier mesh_multiplier="FF909090"
                              percentage="0.25" />
            </MeshMultipliers>
          </Material>
          <Material name="horse_white_mat">
            <MeshMultipliers>
              <MeshMultiplier mesh_multiplier="FF303030"
                              percentage="1.0" />
            </MeshMultipliers>
          </Material>
        </Materials>
      </Horse>
    </ItemComponent>
    <Flags Civilian="true" />
  </Item>
  
  <Item id="noble_camel"
        name="{=Goloz0Vm}Nahasa Camel"
        is_merchandise="false"
        culture="Culture.aserai"
        mesh="camel_mesh"
        item_category="horse"
        weight="540"
        difficulty="80"
        appearance="0"
        Type="Horse">
    <ItemComponent>
      <Horse monster="Monster.camel" maneuver="69" speed="50" charge_damage="14" body_length="105" extra_health="250" is_pack_animal="false" is_mountable="true" />
    </ItemComponent>
    <Flags Civilian="true" />
  </Item>
  
  <!-- #region Rewards -->
  <Item id="noble_horse_khamseen"
        name="{=tBCm7Qqw}Khamseen"
        mesh="horse_brown"
        item_category="noble_horse"
        subtype="horse"
        weight="480"
        difficulty="40"
        is_merchandise="false"
        Type="Horse">
    <ItemComponent>
      <Horse monster="Monster.horse" maneuver="67" speed="57" charge_damage="25" body_length="115" is_mountable="true" extra_health="180" modifier_group="horse">
        <AdditionalMeshes>
          <Mesh name="horse_mane"
                affected_by_cover="true" />
        </AdditionalMeshes>
        <Materials>
          <Material name="horse_black_mat">
            <MeshMultipliers>
              <MeshMultiplier mesh_multiplier="FF010101"
                              percentage="0.75" />
              <MeshMultiplier mesh_multiplier="FF909090"
                              percentage="0.25" />
            </MeshMultipliers>
          </Material>
        </Materials>
      </Horse>
    </ItemComponent>
    <Flags Civilian="true" />
  </Item>
  <!-- #endregion -->
</Items>