﻿<?xml version="1.0" encoding="utf-8"?>
<Items>
  <CraftedItem id="gladius_b" name="Gladius" crafting_template="Dagger" culture="Culture.empire">
    <Pieces>
      <Piece id="dagger_blade_11" Type="Blade" scale_factor="250" />
      <Piece id="aserai_dagger_guard_1" Type="Guard" scale_factor="110" />
      <Piece id="sturgian_grip_4" Type="Handle" />
      <Piece id="battania_pommel_7" Type="Pommel" scale_factor="90" />
    </Pieces>
  </CraftedItem>
  
  <CraftedItem id="bastard_sword_t2"
               name="{=arBdK7st}Simple Bastard Sword"
               crafting_template="TwoHandedSword">
    <Pieces>
      <Piece id="empire_blade_4"
             Type="Blade" />
      <Piece id="cleaver_guard_2"
             Type="Guard" />
      <Piece id="sturgian_grip_33"
             Type="Handle" />
      <Piece id="sturgian_pommel_7"
             Type="Pommel" />
    </Pieces>
  </CraftedItem>
  
    <!-- #region Used Throwing Axes -->
  <!-- #region Tier 2 -->
  <CraftedItem id="highland_throwing_axe_1_t2"
               name="Throwing Labryes"
               crafting_template="ThrowingAxe"
               culture="Culture.battania">
    <Pieces>
      <Piece id="axe_craft_26_head"
             Type="Blade"
             scale_factor="150" />
      <Piece id="axe_craft_12_handle"
             Type="Handle"
             scale_factor="150" />
    </Pieces>
  </CraftedItem>
  <!-- #endregion -->
  <!-- #region Tier 4 -->
  <CraftedItem id="southern_throwing_axe_1_t4"
               name="Huge Throwing Axes"
               crafting_template="ThrowingAxe"
               culture="Culture.aserai">
    <Pieces>
      <Piece id="axe_craft_4_head"
             Type="Blade"
             scale_factor="250" />
      <Piece id="axe_craft_12_handle"
             Type="Handle"
             scale_factor="130" />
    </Pieces>
  </CraftedItem>
  <CraftedItem id="northern_throwing_axe_1_t1"
               name="Large Throwing Axes"
               crafting_template="ThrowingAxe"
               culture="Culture.sturgia">
    <Pieces>
      <Piece id="axe_craft_13_head"
             Type="Blade"
             scale_factor="200" />
      <Piece id="axe_craft_11_handle"
             Type="Handle"
             scale_factor="130" />
    </Pieces>
  </CraftedItem>
  <CraftedItem id="woodland_throwing_axe_1_t1"
               name="Medium Throwing Axes"
               crafting_template="ThrowingAxe"
               culture="Culture.battania">
    <Pieces>
      <Piece id="axe_craft_13_head"
             Type="Blade"
             scale_factor="150" />
      <Piece id="axe_craft_28_handle"
             Type="Handle"
             scale_factor="115" />
    </Pieces>
  </CraftedItem>
  <CraftedItem id="western_throwing_axe_1_t1"
               name="Small Throwing Axes"
               crafting_template="ThrowingAxe"
               culture="Culture.vlandia">
    <Pieces>
      <Piece id="axe_craft_4_head"
             Type="Blade" 
             scale_factor="100" />
      <Piece id="axe_craft_11_handle"
             Type="Handle" 
			 scale_factor="100" />
    </Pieces>
  </CraftedItem>
  <!-- #endregion -->
  <!-- #region Used Mace -->
  <!-- #region Tier 2 -->
  <CraftedItem id="vlandia_mace_1_t2"
               name="{=7jH0kuof}Spiked Mace"
               crafting_template="Mace"
               culture="Culture.vlandia">
    <Pieces>
      <Piece id="mace_head_22"
             Type="Blade"
             scale_factor="110" />
      <Piece id="mace_handle_6"
             Type="Handle"
             scale_factor="100" />
    </Pieces>
  </CraftedItem>
  <CraftedItem id="empire_mace_1_t2"
               name="{=HaK3y9yi}Spiked Club"
               crafting_template="Mace"
               culture="Culture.empire">
    <Pieces>
      <Piece id="mace_head_23"
             Type="Blade"
             scale_factor="100" />
      <Piece id="mace_handle_3"
             Type="Handle"
             scale_factor="100" />
    </Pieces>
  </CraftedItem>
  <CraftedItem id="aserai_mace_1_t2"
               name="{=wxL5TdDv}Militia Mace"
               crafting_template="Mace"
               culture="Culture.aserai">
    <Pieces>
      <Piece id="mace_head_17"
             Type="Blade"
             scale_factor="110" />
      <Piece id="mace_handle_6"
             Type="Handle"
             scale_factor="100" />
    </Pieces>
  </CraftedItem>
  <CraftedItem id="aserai_mace_2_t2"
               name="{=6QI8X6CY}Fullered Light Mace"
               crafting_template="Mace"
               culture="Culture.aserai">
    <Pieces>
      <Piece id="mace_head_1"
             Type="Blade"
             scale_factor="100" />
      <Piece id="mace_handle_6"
             Type="Handle"
             scale_factor="100" />
    </Pieces>
  </CraftedItem>
  <CraftedItem id="khuzait_mace_1_t2"
               name="{=N8VJWdVY}Steppe Light Mace"
               crafting_template="Mace"
               culture="Culture.khuzait">
    <Pieces>
      <Piece id="mace_head_14"
             Type="Blade"
             scale_factor="100" />
      <Piece id="mace_handle_8"
             Type="Handle"
             scale_factor="100" />
      <Piece id="empire_pommel_1"
             Type="Pommel"
             scale_factor="50" />
    </Pieces>
  </CraftedItem>
  <CraftedItem id="battania_mace_1_t2"
               name="{=FyaygeEx}Knobbed Club"
               crafting_template="Mace"
               culture="Culture.battania">
    <Pieces>
      <Piece id="mace_head_6"
             Type="Blade"
             scale_factor="100" />
      <Piece id="mace_handle_3"
             Type="Handle"
             scale_factor="100" />
    </Pieces>
  </CraftedItem>
  <CraftedItem id="battania_mace_2_t2"
               name="{=0SpLcthg}Highland Spiked Club"
               crafting_template="Mace"
               culture="Culture.battania">
    <Pieces>
      <Piece id="mace_head_5"
             Type="Blade"
             scale_factor="100" />
      <Piece id="mace_handle_6"
             Type="Handle"
             scale_factor="100" />
    </Pieces>
  </CraftedItem>
  <!-- #endregion -->
  <!-- #region Tier 3 -->
  <CraftedItem id="aserai_mace_3_t3"
               name="{=FJDCc3Y2}Heavy Horsemans Mace"
               crafting_template="Mace"
               culture="Culture.aserai">
    <Pieces>
      <Piece id="mace_head_19"
             Type="Blade"
             scale_factor="110" />
      <Piece id="mace_handle_7"
             Type="Handle"
             scale_factor="100" />
    </Pieces>
  </CraftedItem>
  <!-- RENAME CIHAN -->
  <CraftedItem id="light_mace_t3"
               name="{=PBLsXDgP}Light Mace"
               crafting_template="Mace">
    <Pieces>
      <Piece id="mace_head_20"
             Type="Blade"
             scale_factor="100" />
      <Piece id="mace_handle_12"
             Type="Handle"
             scale_factor="100" />
      <Piece id="spear_pommel_5"
             Type="Pommel"
             scale_factor="50" />
    </Pieces>
  </CraftedItem>
  <!-- RENAME CIHAN -->
  <!-- RENAME Has a full steel handle -->
  <CraftedItem id="steel_mace_t3"
               name="{=8pnCvnFR}Steel Shestopyor"
               crafting_template="Mace">
    <Pieces>
      <Piece id="mace_head_4"
             Type="Blade"
             scale_factor="100" />
      <Piece id="mace_handle_4"
             Type="Handle"
             scale_factor="100" />
    </Pieces>
  </CraftedItem>
  <CraftedItem id="morningstar_mace_t3"
               name="{=6EWm09LY}Morningstar"
               crafting_template="Mace">
    <Pieces>
      <Piece id="mace_head_9"
             Type="Blade"
             scale_factor="100" />
      <Piece id="mace_handle_1"
             Type="Handle"
             scale_factor="100" />
      <Piece id="empire_pommel_4"
             Type="Pommel"
             scale_factor="50" />
    </Pieces>
  </CraftedItem>
  <!-- #endregion -->
  <!-- #region Tier 4 -->
  <CraftedItem id="vlandia_mace_2_t4"
               name="{=dSTxsYsh}Fullered Cavalry Mace"
               crafting_template="Mace"
               culture="Culture.vlandia">
    <Pieces>
      <Piece id="mace_head_16"
             Type="Blade"
             scale_factor="100" />
      <Piece id="mace_handle_10"
             Type="Handle"
             scale_factor="100" />
      <Piece id="spear_pommel_5"
             Type="Pommel"
             scale_factor="50" />
    </Pieces>
  </CraftedItem>
  <CraftedItem id="empire_mace_2_t4"
               name="{=4cMV1pY3}Imperial Light Mace"
               crafting_template="Mace"
               culture="Culture.empire">
    <Pieces>
      <Piece id="mace_head_3"
             Type="Blade"
             scale_factor="100" />
      <Piece id="mace_handle_9"
             Type="Handle"
             scale_factor="100" />
      <Piece id="empire_pommel_5"
             Type="Pommel"
             scale_factor="45"/>
    </Pieces>
  </CraftedItem>
  <CraftedItem id="empire_mace_3_t4"
               name="{=YLplNGxb}Calradic Mace"
               crafting_template="Mace"
               culture="Culture.empire">
    <Pieces>
      <Piece id="mace_head_8"
             Type="Blade"
             scale_factor="100" />
      <Piece id="mace_handle_10"
             Type="Handle"
             scale_factor="100" />
	  <Piece id="spear_pommel_11"
			 Type="Pommel"
			 scale_factor="45"/>
    </Pieces>
  </CraftedItem>
  <CraftedItem id="aserai_mace_4_t4"
               name="{=JM8Mjfa0}Spiralled Mace"
               crafting_template="Mace"
               culture="Culture.aserai">
    <Pieces>
      <Piece id="mace_head_15"
             Type="Blade"
             scale_factor="100" />
      <Piece id="mace_handle_5"
             Type="Handle"
             scale_factor="100" />
    </Pieces>
  </CraftedItem>
  <CraftedItem id="khuzait_mace_2_t4"
               name="{=fcgDtZy7}Eastern Heavy Mace"
               crafting_template="Mace"
               culture="Culture.khuzait">
    <Pieces>
      <Piece id="mace_head_11"
             Type="Blade"
             scale_factor="100" />
      <Piece id="mace_handle_5"
             Type="Handle"
             scale_factor="100" />
    </Pieces>
  </CraftedItem>
  <CraftedItem id="khuzait_mace_3_t4"
               name="{=b88lWWOo}Fine Steel Mace"
               crafting_template="Mace"
               culture="Culture.khuzait">
    <Pieces>
      <Piece id="mace_head_10"
             Type="Blade"
             scale_factor="100" />
      <Piece id="mace_handle_4"
             Type="Handle"
             scale_factor="100" />
    </Pieces>
  </CraftedItem>
  <CraftedItem id="shishpar_mace_t4"
               name="{=9EWN9SiT}Light Shishpar Mace"
               crafting_template="Mace"
               culture="Culture.aserai">
    <Pieces>
      <Piece id="mace_head_21"
             Type="Blade"
             scale_factor="110" />
      <Piece id="mace_handle_10"
             Type="Handle"
             scale_factor="100" />
      <Piece id="spear_pommel_5"
             Type="Pommel"
             scale_factor="45"/>
    </Pieces>
  </CraftedItem>
  <CraftedItem id="eastern_steel_mace_t4"
               name="{=xYk4953c}Steel Mace"
               crafting_template="Mace"
               culture="Culture.khuzait">
    <Pieces>
      <Piece id="mace_head_26"
             Type="Blade"
             scale_factor="100" />
      <Piece id="mace_handle_11"
             Type="Handle"
             scale_factor="100" />
      <Piece id="vlandian_pommel_2"
             Type="Pommel"
             scale_factor="45"/>
    </Pieces>
  </CraftedItem>
  <!-- #endregion -->
  <!-- #region Tier 5 -->
  <CraftedItem id="vlandia_mace_3_t5"
               name="{=rnzpyc0N}Pernach"
               crafting_template="Mace"
               culture="Culture.vlandia">
    <Pieces>
      <Piece id="mace_head_2"
             Type="Blade"
             scale_factor="110" />
      <Piece id="mace_handle_9"
             Type="Handle"
             scale_factor="120" />
      <Piece id="spear_pommel_9"
             Type="Pommel"
             scale_factor="50"/>
    </Pieces>
  </CraftedItem>
  <CraftedItem id="empire_mace_4_t5"
               name="{=UMX05EQF}Light Royal Mace"
               crafting_template="Mace"
               culture="Culture.empire">
    <Pieces>
      <Piece id="mace_head_13"
             Type="Blade"
             scale_factor="110" />
      <Piece id="mace_handle_13"
             Type="Handle"
             scale_factor="100" />
      <Piece id="empire_noble_pommel_1"
             Type="Pommel"
             scale_factor="50" />
    </Pieces>
  </CraftedItem>
  <CraftedItem id="empire_mace_5_t5"
               name="{=Kv4zAMIh}Cataphract Mace"
               crafting_template="Mace"
               culture="Culture.empire">
    <Pieces>
      <Piece id="mace_head_7"
             Type="Blade"
             scale_factor="100" />
      <Piece id="mace_handle_5"
             Type="Handle"
             scale_factor="100" />
    </Pieces>
  </CraftedItem>
  <CraftedItem id="khuzait_mace_4_t5"
               name="{=fz23ajFz}Heavy Flanged Mace"
               crafting_template="Mace"
               culture="Culture.khuzait">
    <Pieces>
      <Piece id="mace_head_12"
             Type="Blade" />
      <Piece id="mace_handle_15"
             Type="Handle"
             scale_factor="100" />
      <Piece id="khuzait_noble_pommel_1"
             Type="Pommel"
             scale_factor="45"/>
    </Pieces>
  </CraftedItem>
</Items>