﻿<?xml version="1.0" encoding="utf-8"?>
<Config>
  <RBMAI>
    <Enabled>1</Enabled>
    <PostureEnabled>1</PostureEnabled>
    <PlayerPostureMultiplier>0</PlayerPostureMultiplier>
    <PostureGUIEnabled>1</PostureGUIEnabled>
    <VanillaCombatAi>0</VanillaCombatAi>
  </RBMAI>
  <RBMTournament>
    <Enabled>1</Enabled>
  </RBMTournament>
  <RBMCombat>
    <Enabled>1</Enabled>
    <PriceModifiers>
      <ArmorPriceModifier>1</ArmorPriceModifier>
      <WeaponPriceModifier>1</WeaponPriceModifier>
      <HorsePriceModifier>0.2</HorsePriceModifier>
      <TradePriceModifier>1</TradePriceModifier>
    </PriceModifiers>
    <Global>
      <ArmorMultiplier>2</ArmorMultiplier>
      <ArmorPenetrationMessage>0</ArmorPenetrationMessage>
      <BetterArrowVisuals>1</BetterArrowVisuals>
      <PassiveShoulderShields>0</PassiveShoulderShields>
      <TroopOverhaulActive>1</TroopOverhaulActive>
      <RealisticRangedReload>2</RealisticRangedReload>
      <MaceBluntModifier>1</MaceBluntModifier>
      <ArmorThresholdModifier>1</ArmorThresholdModifier>
      <BluntTraumaBonus>0</BluntTraumaBonus>
	  <ArmorStatusUIEnabled>1</ArmorStatusUIEnabled>
	  <RealisticArrowArc>0</RealisticArrowArc>
    </Global>
    <WeaponTypes>
      <Dagger>
        <ExtraBluntFactorCut>0.15</ExtraBluntFactorCut>
        <ExtraBluntFactorPierce>0.15</ExtraBluntFactorPierce>
        <ExtraBluntFactorBlunt>1</ExtraBluntFactorBlunt>
        <ExtraArmorThresholdFactorPierce>4</ExtraArmorThresholdFactorPierce>
        <ExtraArmorThresholdFactorCut>4</ExtraArmorThresholdFactorCut>
        <ExtraArmorSkillDamageAbsorb>1</ExtraArmorSkillDamageAbsorb>
      </Dagger>
      <ThrowingKnife>
        <ExtraBluntFactorCut>0.15</ExtraBluntFactorCut>
        <ExtraBluntFactorPierce>0.15</ExtraBluntFactorPierce>
        <ExtraBluntFactorBlunt>1</ExtraBluntFactorBlunt>
        <ExtraArmorThresholdFactorPierce>4</ExtraArmorThresholdFactorPierce>
        <ExtraArmorThresholdFactorCut>4</ExtraArmorThresholdFactorCut>
        <ExtraArmorSkillDamageAbsorb>1</ExtraArmorSkillDamageAbsorb>
      </ThrowingKnife>
      <OneHandedSword>
        <ExtraBluntFactorCut>0.15</ExtraBluntFactorCut>
        <ExtraBluntFactorPierce>0.2</ExtraBluntFactorPierce>
        <ExtraBluntFactorBlunt>1</ExtraBluntFactorBlunt>
        <ExtraArmorThresholdFactorPierce>4</ExtraArmorThresholdFactorPierce>
        <ExtraArmorThresholdFactorCut>4</ExtraArmorThresholdFactorCut>
        <ExtraArmorSkillDamageAbsorb>1</ExtraArmorSkillDamageAbsorb>
      </OneHandedSword>
      <TwoHandedSword>
        <ExtraBluntFactorCut>0.25</ExtraBluntFactorCut>
        <ExtraBluntFactorPierce>0.25</ExtraBluntFactorPierce>
        <ExtraBluntFactorBlunt>1</ExtraBluntFactorBlunt>
        <ExtraArmorThresholdFactorPierce>4</ExtraArmorThresholdFactorPierce>
        <ExtraArmorThresholdFactorCut>4</ExtraArmorThresholdFactorCut>
        <ExtraArmorSkillDamageAbsorb>1</ExtraArmorSkillDamageAbsorb>
      </TwoHandedSword>
      <OneHandedBastardAxe>
        <ExtraBluntFactorCut>0.25</ExtraBluntFactorCut>
        <ExtraBluntFactorPierce>0.25</ExtraBluntFactorPierce>
        <ExtraBluntFactorBlunt>1</ExtraBluntFactorBlunt>
        <ExtraArmorThresholdFactorPierce>2.5</ExtraArmorThresholdFactorPierce>
        <ExtraArmorThresholdFactorCut>4</ExtraArmorThresholdFactorCut>
        <ExtraArmorSkillDamageAbsorb>1</ExtraArmorSkillDamageAbsorb>
      </OneHandedBastardAxe>
      <OneHandedAxe>
        <ExtraBluntFactorCut>0.25</ExtraBluntFactorCut>
        <ExtraBluntFactorPierce>0.25</ExtraBluntFactorPierce>
        <ExtraBluntFactorBlunt>1</ExtraBluntFactorBlunt>
        <ExtraArmorThresholdFactorPierce>2.5</ExtraArmorThresholdFactorPierce>
        <ExtraArmorThresholdFactorCut>4</ExtraArmorThresholdFactorCut>
        <ExtraArmorSkillDamageAbsorb>1</ExtraArmorSkillDamageAbsorb>
      </OneHandedAxe>
      <TwoHandedAxe>
        <ExtraBluntFactorCut>0.3</ExtraBluntFactorCut>
        <ExtraBluntFactorPierce>0.3</ExtraBluntFactorPierce>
        <ExtraBluntFactorBlunt>1</ExtraBluntFactorBlunt>
        <ExtraArmorThresholdFactorPierce>2.5</ExtraArmorThresholdFactorPierce>
        <ExtraArmorThresholdFactorCut>4</ExtraArmorThresholdFactorCut>
        <ExtraArmorSkillDamageAbsorb>1</ExtraArmorSkillDamageAbsorb>
      </TwoHandedAxe>
      <OneHandedPolearm>
        <ExtraBluntFactorCut>0.2</ExtraBluntFactorCut>
        <ExtraBluntFactorPierce>0.15</ExtraBluntFactorPierce>
        <ExtraBluntFactorBlunt>1</ExtraBluntFactorBlunt>
        <ExtraArmorThresholdFactorPierce>4</ExtraArmorThresholdFactorPierce>
        <ExtraArmorThresholdFactorCut>4</ExtraArmorThresholdFactorCut>
        <ExtraArmorSkillDamageAbsorb>1</ExtraArmorSkillDamageAbsorb>
      </OneHandedPolearm>
      <TwoHandedPolearm>
        <ExtraBluntFactorCut>0.3</ExtraBluntFactorCut>
        <ExtraBluntFactorPierce>0.15</ExtraBluntFactorPierce>
        <ExtraBluntFactorBlunt>1</ExtraBluntFactorBlunt>
        <ExtraArmorThresholdFactorPierce>4</ExtraArmorThresholdFactorPierce>
        <ExtraArmorThresholdFactorCut>4</ExtraArmorThresholdFactorCut>
        <ExtraArmorSkillDamageAbsorb>1</ExtraArmorSkillDamageAbsorb>
      </TwoHandedPolearm>
      <Mace>
        <ExtraBluntFactorCut>0.1</ExtraBluntFactorCut>
        <ExtraBluntFactorPierce>0.25</ExtraBluntFactorPierce>
        <ExtraBluntFactorBlunt>1</ExtraBluntFactorBlunt>
        <ExtraArmorThresholdFactorPierce>2</ExtraArmorThresholdFactorPierce>
        <ExtraArmorThresholdFactorCut>4</ExtraArmorThresholdFactorCut>
        <ExtraArmorSkillDamageAbsorb>1</ExtraArmorSkillDamageAbsorb>
      </Mace>
      <TwoHandedMace>
        <ExtraBluntFactorCut>0.1</ExtraBluntFactorCut>
        <ExtraBluntFactorPierce>0.25</ExtraBluntFactorPierce>
        <ExtraBluntFactorBlunt>1</ExtraBluntFactorBlunt>
        <ExtraArmorThresholdFactorPierce>2</ExtraArmorThresholdFactorPierce>
        <ExtraArmorThresholdFactorCut>4</ExtraArmorThresholdFactorCut>
        <ExtraArmorSkillDamageAbsorb>1</ExtraArmorSkillDamageAbsorb>
      </TwoHandedMace>
      <Arrow>
        <ExtraBluntFactorCut>0.15</ExtraBluntFactorCut>
        <ExtraBluntFactorPierce>0.15</ExtraBluntFactorPierce>
        <ExtraBluntFactorBlunt>1</ExtraBluntFactorBlunt>
        <ExtraArmorThresholdFactorPierce>2</ExtraArmorThresholdFactorPierce>
        <ExtraArmorThresholdFactorCut>2.6</ExtraArmorThresholdFactorCut>
        <ExtraArmorSkillDamageAbsorb>1</ExtraArmorSkillDamageAbsorb>
      </Arrow>
      <Bolt>
        <ExtraBluntFactorCut>0.15</ExtraBluntFactorCut>
        <ExtraBluntFactorPierce>0.15</ExtraBluntFactorPierce>
        <ExtraBluntFactorBlunt>1</ExtraBluntFactorBlunt>
        <ExtraArmorThresholdFactorPierce>2</ExtraArmorThresholdFactorPierce>
        <ExtraArmorThresholdFactorCut>2.6</ExtraArmorThresholdFactorCut>
        <ExtraArmorSkillDamageAbsorb>1</ExtraArmorSkillDamageAbsorb>
      </Bolt>
      <Javelin>
        <ExtraBluntFactorCut>0.05</ExtraBluntFactorCut>
        <ExtraBluntFactorPierce>0.15</ExtraBluntFactorPierce>
        <ExtraBluntFactorBlunt>1</ExtraBluntFactorBlunt>
        <ExtraArmorThresholdFactorPierce>4</ExtraArmorThresholdFactorPierce>
        <ExtraArmorThresholdFactorCut>3</ExtraArmorThresholdFactorCut>
        <ExtraArmorSkillDamageAbsorb>1</ExtraArmorSkillDamageAbsorb>
      </Javelin>
      <ThrowingAxe>
        <ExtraBluntFactorCut>0.25</ExtraBluntFactorCut>
        <ExtraBluntFactorPierce>0.15</ExtraBluntFactorPierce>
        <ExtraBluntFactorBlunt>1</ExtraBluntFactorBlunt>
        <ExtraArmorThresholdFactorPierce>2.5</ExtraArmorThresholdFactorPierce>
        <ExtraArmorThresholdFactorCut>4</ExtraArmorThresholdFactorCut>
        <ExtraArmorSkillDamageAbsorb>1</ExtraArmorSkillDamageAbsorb>
      </ThrowingAxe>
    </WeaponTypes>
  </RBMCombat>
</Config>