<?xml version="1.0" encoding="utf-8"?>
<item_usage_sets>
  <item_usage_set id="twohanded_widegrip_axe"
                  equip_sound="event:/mission/combat/equip/sword_equip"
                  unequip_sound="event:/mission/combat/equip/sword_unequip" >
    <flags>
      <flag name="requires_no_shield"/>
    </flags>
    <idles>
      <idle action="act_idle_spear_1"
            is_left_stance="False"
            require_free_left_hand="False" />
      <idle action="act_idle_spear_1_left_stance"
            is_left_stance="True"
            require_free_left_hand="False" />
    </idles>
    <movement_sets>
      <movement_set id="twohanded_axe" />
    </movement_sets>
    <rider_idles>
      <rider_idle mount_id="horse"
                  pace="1"
                  action="act_rider_idle_spear_1"
                  require_free_left_hand="True"
                  required_mount_action="act_horse_idle_1" />
      <rider_idle mount_id="horse"
                  pace="1"
                  action="act_rider_idle_spear_2"
                  require_free_left_hand="True"
                  required_mount_action="act_horse_idle_2" />
      <rider_idle mount_id="horse"
                  pace="1"
                  action="act_rider_idle_spear_3"
                  require_free_left_hand="True"
                  required_mount_action="act_horse_idle_3" />
      <rider_idle mount_id="horse"
                  pace="1"
                  action="act_rider_idle_spear_4"
                  require_free_left_hand="True"
                  required_mount_action="act_horse_idle_4" />
      <rider_idle mount_id="horse"
                  pace="1"
                  action="act_rider_stand_spear_1"
                  require_free_left_hand="True"
                  required_mount_action="act_horse_stand_1" />
      <rider_idle mount_id="horse"
                  pace="1"
                  action="act_rider_stand_spear_2"
                  require_free_left_hand="True"
                  required_mount_action="act_horse_stand_2" />
      <rider_idle mount_id="horse"
                  pace="1"
                  action="act_rider_stand_spear_3"
                  require_free_left_hand="True"
                  required_mount_action="act_horse_stand_3" />
      <rider_idle mount_id="horse"
                  pace="1"
                  action="act_rider_stand_spear_4"
                  require_free_left_hand="True"
                  required_mount_action="act_horse_stand_4" />

      <rider_idle mount_id="camel"
                  pace="1"
                  action="act_camel_rider_idle_spear_1"
                  require_free_left_hand="True"
                  required_mount_action="act_camel_idle_1" />
      <rider_idle mount_id="camel"
                  pace="1"
                  action="act_camel_rider_idle_spear_2"
                  require_free_left_hand="True"
                  required_mount_action="act_camel_idle_2" />
      <rider_idle mount_id="camel"
                  pace="1"
                  action="act_camel_rider_idle_spear_3"
                  require_free_left_hand="True"
                  required_mount_action="act_camel_idle_3" />
      <rider_idle mount_id="camel"
                  pace="1"
                  action="act_camel_rider_idle_spear_4"
                  require_free_left_hand="True"
                  required_mount_action="act_camel_idle_4" />
      <rider_idle mount_id="camel"
                  pace="1"
                  action="act_camel_rider_stand_spear_1"
                  require_free_left_hand="True"
                  required_mount_action="act_camel_stand_1" />
      <rider_idle mount_id="camel"
                  pace="1"
                  action="act_camel_rider_stand_spear_2"
                  require_free_left_hand="True"
                  required_mount_action="act_camel_stand_2" />
      <rider_idle mount_id="camel"
                  pace="1"
                  action="act_camel_rider_stand_spear_3"
                  require_free_left_hand="True"
                  required_mount_action="act_camel_stand_3" />
      <rider_idle mount_id="camel"
                  pace="1"
                  action="act_camel_rider_stand_spear_4"
                  require_free_left_hand="True"
                  required_mount_action="act_camel_stand_4" />

      <rider_idle mount_id="horse"
                  pace="0"
                  action="act_rider_stand_polearm_pace_0"
                  require_free_left_hand="True" />
      <rider_idle mount_id="horse"
                  pace="1"
                  action="act_rider_stand_polearm_pace_1"
                  require_free_left_hand="True" />
      <rider_idle mount_id="horse"
                  pace="2"
                  action="act_rider_stand_polearm_pace_2"
                  require_free_left_hand="True" />
      <rider_idle mount_id="horse"
                  pace="3"
                  action="act_rider_stand_polearm_pace_3"
                  require_free_left_hand="True" />
      <rider_idle mount_id="horse"
                  pace="4"
                  action="act_rider_stand_polearm_pace_4"
                  require_free_left_hand="True" />
      <rider_idle mount_id="horse"
                  pace="5"
                  action="act_rider_stand_polearm_pace_5"
                  require_free_left_hand="True" />
      <rider_idle mount_id="camel"
                  pace="0"
                  action="act_camel_rider_stand_polearm_pace_0"
                  require_free_left_hand="True" />
      <rider_idle mount_id="camel"
                  pace="1"
                  action="act_camel_rider_stand_polearm_pace_1"
                  require_free_left_hand="True" />
      <rider_idle mount_id="camel"
                  pace="2"
                  action="act_camel_rider_stand_polearm_pace_2"
                  require_free_left_hand="True" />
      <rider_idle mount_id="camel"
                  pace="3"
                  action="act_camel_rider_stand_polearm_pace_3"
                  require_free_left_hand="True" />
      <rider_idle mount_id="camel"
                  pace="4"
                  action="act_camel_rider_stand_polearm_pace_4"
                  require_free_left_hand="True" />
      <rider_idle mount_id="camel"
                  pace="5"
                  action="act_camel_rider_stand_polearm_pace_5"
                  require_free_left_hand="True" />
    </rider_idles>
    <usages>
      <usage style="attack_up"
             ready_action="act_ready_overswing_staff_horseback"
             ready_from_up_action="act_ready_from_up_overswing_staff_horseback"
             ready_from_down_action="act_ready_from_down_overswing_staff_horseback"
             ready_from_left_action="act_ready_from_left_overswing_staff_horseback"
             ready_from_right_action="act_ready_from_right_overswing_staff_horseback"
             quick_release_action="act_quick_release_overswing_staff_horseback"
             release_action="act_release_overswing_staff_horseback"
             quick_blocked_action="act_quick_blocked_overswing_staff_horseback"
             blocked_action="act_blocked_overswing_staff_horseback"
             is_mounted="True"
             require_free_left_hand="True"
             strike_type="swing" />
      <usage style="attack_up"
             ready_action="act_ready_overswing_staff"
             ready_from_up_action="act_ready_from_up_overswing_staff"
             ready_from_down_action="act_ready_from_down_overswing_staff"
             ready_from_left_action="act_ready_from_left_overswing_staff"
             ready_from_right_action="act_ready_from_right_overswing_staff"
             quick_release_action="act_quick_release_overswing_staff"
             release_action="act_release_overswing_staff"
             quick_blocked_action="act_quick_blocked_overswing_staff"
             blocked_action="act_blocked_overswing_staff"
             is_mounted="False"
             require_free_left_hand="True"
             strike_type="swing" />
      <usage style="attack_up"
             ready_action="act_ready_overswing_staff_left_stance"
             ready_from_up_action="act_ready_from_up_overswing_staff_left_stance"
             ready_from_down_action="act_ready_from_down_overswing_staff_left_stance"
             ready_from_left_action="act_ready_from_left_overswing_staff_left_stance"
             ready_from_right_action="act_ready_from_right_overswing_staff_left_stance"
             quick_release_action="act_quick_release_overswing_staff_left_stance"
             release_action="act_release_overswing_staff_left_stance"
             quick_blocked_action="act_quick_blocked_overswing_staff_left_stance"
             blocked_action="act_blocked_overswing_staff_left_stance"
             is_mounted="False"
             require_free_left_hand="True"
             is_left_stance="True"
             strike_type="swing" />
      <usage style="attack_left"
             ready_action="act_ready_slashleft_staff_horseback"
             ready_from_left_action="act_ready_from_left_slashleft_staff_horseback"
             ready_from_right_action="act_ready_from_right_slashleft_staff_horseback"
             quick_release_action="act_quick_release_slashleft_staff_horseback"
             release_action="act_quick_release_slashleft_staff_horseback"
             quick_blocked_action="act_quick_blocked_slashleft_staff_horseback"
             blocked_action="act_quick_blocked_slashleft_staff_horseback"
             is_mounted="True"
             require_free_left_hand="True"
             strike_type="swing" />
      <usage style="attack_left"
             ready_action="act_ready_slashleft_staff"
             ready_from_up_action="act_ready_from_up_slashleft_staff"
             ready_from_down_action="act_ready_from_down_slashleft_staff"
             ready_from_left_action="act_ready_from_left_slashleft_staff"
             ready_from_right_action="act_ready_from_right_slashleft_staff"
             quick_release_action="act_quick_release_slashleft_staff"
             release_action="act_release_slashleft_staff"
             quick_blocked_action="act_quick_blocked_slashleft_staff"
             blocked_action="act_blocked_slashleft_staff"
             is_mounted="False"
             require_free_left_hand="True"
             strike_type="swing" />
      <usage style="attack_left"
             ready_action="act_ready_slashleft_staff_left_stance"
             ready_from_up_action="act_ready_from_up_slashleft_staff_left_stance"
             ready_from_down_action="act_ready_from_down_slashleft_staff_left_stance"
             ready_from_left_action="act_ready_from_left_slashleft_staff_left_stance"
             ready_from_right_action="act_ready_from_right_slashleft_staff_left_stance"
             quick_release_action="act_quick_release_slashleft_staff_left_stance"
             release_action="act_release_slashleft_staff_left_stance"
             quick_blocked_action="act_quick_blocked_slashleft_staff_left_stance"
             blocked_action="act_blocked_slashleft_staff_left_stance"
             is_mounted="False"
             require_free_left_hand="True"
             is_left_stance="True"
             strike_type="swing" />
      <usage style="attack_right"
             ready_action="act_ready_slashright_staff_horseback"
             ready_from_left_action="act_ready_from_left_slashright_staff_horseback"
             ready_from_right_action="act_ready_from_right_slashright_staff_horseback"
             quick_release_action="act_quick_release_slashright_staff_horseback"
             release_action="act_quick_release_slashright_staff_horseback"
             quick_blocked_action="act_quick_blocked_slashright_staff_horseback"
             blocked_action="act_quick_blocked_slashright_staff_horseback"
             is_mounted="True"
             require_free_left_hand="True"
             strike_type="swing" />
      <usage style="attack_right"
             ready_action="act_ready_slashright_staff"
             ready_from_up_action="act_ready_from_up_slashright_staff"
             ready_from_down_action="act_ready_from_down_slashright_staff"
             ready_from_left_action="act_ready_from_left_slashright_staff"
             ready_from_right_action="act_ready_from_right_slashright_staff"
             quick_release_action="act_quick_release_slashright_staff"
             release_action="act_release_slashright_staff"
             quick_blocked_action="act_quick_blocked_slashright_staff"
             blocked_action="act_blocked_slashright_staff"
             is_mounted="False"
             require_free_left_hand="True"
             strike_type="swing" />
      <usage style="attack_right"
             ready_action="act_ready_slashright_staff_left_stance"
             ready_from_up_action="act_ready_from_up_slashright_staff_left_stance"
             ready_from_down_action="act_ready_from_down_slashright_staff_left_stance"
             ready_from_left_action="act_ready_from_left_slashright_staff_left_stance"
             ready_from_right_action="act_ready_from_right_slashright_staff_left_stance"
             quick_release_action="act_quick_release_slashright_staff_left_stance"
             release_action="act_release_slashright_staff_left_stance"
             quick_blocked_action="act_quick_blocked_slashright_staff_left_stance"
             blocked_action="act_blocked_slashright_staff_left_stance"
             is_mounted="False"
             require_free_left_hand="True"
             is_left_stance="True"
             strike_type="swing" />
      <usage style="defend_up"
             defend_action="act_defend_up_staff_passive"
             defend_active_action="act_defend_up_staff_active"
             defend_parry_light_action="act_defend_up_staff_parry_light"
             is_mounted="False"
             require_free_left_hand="True" />
      <usage style="defend_up"
             defend_action="act_defend_up_staff_passive_left_stance"
             defend_active_action="act_defend_up_staff_active_left_stance"
             defend_parry_light_action="act_defend_up_staff_parry_light_left_stance"
             is_mounted="False"
             require_free_left_hand="True"
             is_left_stance="True" />
      <usage style="defend_up"
             defend_action="act_defend_up_staff_passive"
             defend_active_action="act_defend_up_staff_active"
             defend_parry_light_action="act_defend_up_staff_parry_light"
             is_mounted="True"
             require_free_left_hand="True" />
      <usage style="defend_down"
             defend_action="act_defend_forward_staff_passive"
             defend_active_action="act_defend_forward_staff_active"
             defend_parry_light_action="act_defend_forward_staff_parry_light"
             is_mounted="False"
             require_free_left_hand="True" />
      <usage style="defend_down"
             defend_action="act_defend_forward_staff_passive_left_stance"
             defend_active_action="act_defend_forward_staff_active_left_stance"
             defend_parry_light_action="act_defend_forward_staff_parry_light_left_stance"
             is_mounted="False"
             require_free_left_hand="True"
             is_left_stance="True" />
      <usage style="defend_down"
             defend_action="act_defend_forward_staff_passive"
             defend_active_action="act_defend_forward_staff_active"
             defend_parry_light_action="act_defend_forward_staff_parry_light"
             is_mounted="True"
             require_free_left_hand="True" />
      <usage style="defend_left"
             defend_action="act_defend_left_staff_passive"
             defend_active_action="act_defend_left_staff_active"
             defend_parry_light_action="act_defend_left_staff_parry_light"
             is_mounted="False"
             require_free_left_hand="True" />
      <usage style="defend_left"
             defend_action="act_defend_left_staff_passive_left_stance"
             defend_active_action="act_defend_left_staff_active_left_stance"
             defend_parry_light_action="act_defend_left_staff_parry_light_left_stance"
             is_mounted="False"
             require_free_left_hand="True"
             is_left_stance="True" />
      <usage style="defend_left"
             defend_action="act_defend_left_staff_passive"
             defend_active_action="act_defend_left_staff_active"
             defend_parry_light_action="act_defend_left_staff_parry_light"
             is_mounted="True"
             require_free_left_hand="True" />
      <usage style="defend_right"
             defend_action="act_defend_right_staff_passive"
             defend_active_action="act_defend_right_staff_active"
             defend_parry_light_action="act_defend_right_staff_parry_light"
             is_mounted="False"
             require_free_left_hand="True" />
      <usage style="defend_right"
             defend_action="act_defend_right_staff_passive_left_stance"
             defend_active_action="act_defend_right_staff_active_left_stance"
             defend_parry_light_action="act_defend_right_staff_parry_light_left_stance"
             is_mounted="False"
             require_free_left_hand="True"
             is_left_stance="True" />
      <usage style="defend_right"
             defend_action="act_defend_right_staff_passive"
             defend_active_action="act_defend_right_staff_active"
             defend_parry_light_action="act_defend_right_staff_parry_light"
             is_mounted="True"
             require_free_left_hand="True" />
    </usages>
    <guards>
      <guard style="up"
             action="act_guard_up_staff"
             require_free_left_hand="True"
             hand_position="0,0.1,-0.3"
             hand_rotation="-36,-36"
             arm_rotation="0,0"
             arm_length="0" />
      <guard style="up"
             action="act_guard_up_staff_left_stance"
             require_free_left_hand="True"
             is_left_stance="True"
             hand_position="0,0.1,-0.3"
             hand_rotation="-36,-36"
             arm_rotation="0,0"
             arm_length="0" />
      <guard style="down"
             action="act_guard_bottom_staff"
             require_free_left_hand="True"
             hand_position="0,0.1,-0.4"
             hand_rotation="-54,-72"
             arm_rotation="0,0"
             arm_length="0" />
      <guard style="down"
             action="act_guard_bottom_staff_left_stance"
             require_free_left_hand="True"
             is_left_stance="True"
             hand_position="0,0.1,-0.4"
             hand_rotation="-54,-72"
             arm_rotation="0,0"
             arm_length="0" />
      <guard style="left"
             action="act_guard_left_staff"
             require_free_left_hand="True"
             hand_position="-0.2,0.1,-0.2"
             hand_rotation="-90,0"
             arm_rotation="0,0"
             arm_length="0" />
      <guard style="left"
             action="act_guard_left_staff_left_stance"
             require_free_left_hand="True"
             is_left_stance="True"
             hand_position="-0.2,0.1,-0.2"
             hand_rotation="-90,0"
             arm_rotation="0,0"
             arm_length="0" />
      <guard style="right"
             action="act_guard_right_staff"
             require_free_left_hand="True"
             hand_position="0.2,0.1,-0.2"
             hand_rotation="90,0"
             arm_rotation="0,0"
             arm_length="0" />
      <guard style="right"
             action="act_guard_right_staff_left_stance"
             require_free_left_hand="True"
             is_left_stance="True"
             hand_position="0.2,0.1,-0.2"
             hand_rotation="90,0"
             arm_rotation="0,0"
             arm_length="0" />
      <guard style="none"
             require_free_left_hand="True"
             hand_position="0,0.2,-0.3"
             hand_rotation="-72,0"
             arm_rotation="0,0"
             arm_length="0" />
      <guard style="none"
             require_free_left_hand="True"
             is_left_stance="True"
             hand_position="0,0.2,-0.3"
             hand_rotation="-72,0"
             arm_rotation="0,0"
             arm_length="0" />
    </guards>
    <kick_usages>
      <kick_usage release_action="act_staff_bash"
                  hit_action="act_hit_staff_bash"
                  require_free_left_hand="True"
                  is_left_stance="False" />
      <kick_usage release_action="act_staff_bash_left_stance"
                  hit_action="act_hit_staff_bash_left_stance"
                  require_free_left_hand="True"
                  is_left_stance="True" />
    </kick_usages>
  </item_usage_set>
  <item_usage_set id="twohanded_axe"
                  base_set="twohanded_widegrip_axe"
                  equip_sound="event:/mission/combat/equip/sword_equip"
                  unequip_sound="event:/mission/combat/equip/sword_unequip" >
    <flags>
      <flag name="requires_no_shield"/>
    </flags>
    <movement_sets>
      <movement_set id="twohanded_axe" />
    </movement_sets>
    <usages>
      <usage style="attack_up"
             ready_action="act_ready_overswing_staff_horseback"
             ready_from_up_action="act_ready_from_up_overswing_staff_horseback"
             ready_from_down_action="act_ready_from_down_overswing_staff_horseback"
             ready_from_left_action="act_ready_from_left_overswing_staff_horseback"
             ready_from_right_action="act_ready_from_right_overswing_staff_horseback"
             quick_release_action="act_quick_release_overswing_staff_horseback"
             release_action="act_release_overswing_staff_horseback"
             quick_blocked_action="act_quick_blocked_overswing_staff_horseback"
             blocked_action="act_blocked_overswing_staff_horseback"
             is_mounted="True"
             require_free_left_hand="True"
             strike_type="swing" />
      <usage style="attack_left"
             ready_action="act_ready_slashleft_staff_horseback"
             ready_from_left_action="act_ready_from_left_slashleft_staff_horseback"
             ready_from_right_action="act_ready_from_right_slashleft_staff_horseback"
             quick_release_action="act_quick_release_slashleft_staff_horseback"
             release_action="act_quick_release_slashleft_staff_horseback"
             quick_blocked_action="act_quick_blocked_slashleft_staff_horseback"
             blocked_action="act_quick_blocked_slashleft_staff_horseback"
             is_mounted="True"
             require_free_left_hand="True"
             strike_type="swing" />
      <usage style="attack_right"
             ready_action="act_ready_slashright_staff_horseback"
             ready_from_left_action="act_ready_from_left_slashright_staff_horseback"
             ready_from_right_action="act_ready_from_right_slashright_staff_horseback"
             quick_release_action="act_quick_release_slashright_staff_horseback"
             release_action="act_quick_release_slashright_staff_horseback"
             quick_blocked_action="act_quick_blocked_slashright_staff_horseback"
             blocked_action="act_quick_blocked_slashright_staff_horseback"
             is_mounted="True"
             require_free_left_hand="True"
             strike_type="swing" />
      <usage style="defend_up"
             defend_action="act_defend_up_2h_passive"
             defend_active_action="act_defend_up_2h_active"
             defend_parry_light_action="act_defend_up_2h_parry_light"
             is_mounted="False"
             require_free_left_hand="True"
             begin_hand_position="0.3,0.25,0.4"
             begin_hand_rotation="-90,0"
             begin_arm_rotation="0,0"
             begin_arm_length="0" />
      <usage style="defend_up"
             defend_action="act_defend_up_2h_passive_left_stance"
             defend_active_action="act_defend_up_2h_active_left_stance"
             defend_parry_light_action="act_defend_up_2h_parry_light_left_stance"
             is_mounted="False"
             require_free_left_hand="True"
             is_left_stance="True"
             begin_hand_position="0.3,0.25,0.4"
             begin_hand_rotation="-90,0"
             begin_arm_rotation="0,0"
             begin_arm_length="0" />
      <usage style="defend_up"
             defend_action="act_defend_up_2h_passive"
             defend_active_action="act_defend_up_2h_active"
             defend_parry_light_action="act_defend_up_2h_parry_light"
             is_mounted="True"
             require_free_left_hand="True"
             begin_hand_position="0.3,0.25,0.4"
             begin_hand_rotation="-90,0"
             begin_arm_rotation="0,0"
             begin_arm_length="0" />
      <usage style="defend_down"
             defend_action="act_defend_forward_2h_passive"
             defend_active_action="act_defend_forward_2h_active"
             defend_parry_light_action="act_defend_forward_2h_parry_light"
             is_mounted="False"
             require_free_left_hand="True"
             begin_hand_position="0.3,0.25,-0.4"
             begin_hand_rotation="-90,0"
             begin_arm_rotation="0,0"
             begin_arm_length="0" />
      <usage style="defend_down"
             defend_action="act_defend_forward_2h_passive_left_stance"
             defend_active_action="act_defend_forward_2h_active_left_stance"
             defend_parry_light_action="act_defend_forward_2h_parry_light_left_stance"
             is_mounted="False"
             require_free_left_hand="True"
             is_left_stance="True"
             begin_hand_position="0.3,0.25,-0.4"
             begin_hand_rotation="-90,0"
             begin_arm_rotation="0,0"
             begin_arm_length="0" />
      <usage style="defend_down"
             defend_action="act_defend_forward_2h_passive"
             defend_active_action="act_defend_forward_2h_active"
             defend_parry_light_action="act_defend_forward_2h_parry_light"
             is_mounted="True"
             require_free_left_hand="True"
             begin_hand_position="0.3,0.25,-0.4"
             begin_hand_rotation="-90,0"
             begin_arm_rotation="0,0"
             begin_arm_length="0" />
      <usage style="defend_left"
             defend_action="act_defend_left_staff_passive"
             defend_active_action="act_defend_left_staff_active"
             defend_parry_light_action="act_defend_left_staff_parry_light"
             is_mounted="False"
             require_free_left_hand="True"
             begin_hand_position="-0.4,0.25,-0.35"
             begin_hand_rotation="0,0"
             begin_arm_rotation="0,0"
             begin_arm_length="0" />
      <usage style="defend_left"
             defend_action="act_defend_left_staff_passive_left_stance"
             defend_active_action="act_defend_left_staff_active_left_stance"
             defend_parry_light_action="act_defend_left_staff_parry_light_left_stance"
             is_mounted="False"
             require_free_left_hand="True"
             is_left_stance="True"
             begin_hand_position="-0.4,0.25,-0.35"
             begin_hand_rotation="0,0"
             begin_arm_rotation="0,0"
             begin_arm_length="0" />
      <usage style="defend_left"
             defend_action="act_defend_left_staff_passive"
             defend_active_action="act_defend_left_staff_active"
             defend_parry_light_action="act_defend_left_staff_parry_light"
             is_mounted="True"
             require_free_left_hand="True"
             begin_hand_position="-0.4,0.25,-0.35"
             begin_hand_rotation="0,0"
             begin_arm_rotation="0,0"
             begin_arm_length="0" />
      <usage style="defend_right"
             defend_action="act_defend_right_staff_passive"
             defend_active_action="act_defend_right_staff_active"
             defend_parry_light_action="act_defend_right_staff_parry_light"
             is_mounted="False"
             require_free_left_hand="True"
             begin_hand_position="0.4,0.25,-0.2"
             begin_hand_rotation="0,0"
             begin_arm_rotation="0,0"
             begin_arm_length="0" />
      <usage style="defend_right"
             defend_action="act_defend_right_staff_passive_left_stance"
             defend_active_action="act_defend_right_staff_active_left_stance"
             defend_parry_light_action="act_defend_right_staff_parry_light_left_stance"
             is_mounted="False"
             require_free_left_hand="True"
             is_left_stance="True"
             begin_hand_position="0.4,0.25,-0.35"
             begin_hand_rotation="0,0"
             begin_arm_rotation="0,0"
             begin_arm_length="0" />
      <usage style="defend_right"
             defend_action="act_defend_right_staff_passive"
             defend_active_action="act_defend_right_staff_active"
             defend_parry_light_action="act_defend_right_staff_parry_light"
             is_mounted="True"
             require_free_left_hand="True"
             begin_hand_position="0.4,0.25,-0.35"
             begin_hand_rotation="0,0"
             begin_arm_rotation="0,0"
             begin_arm_length="0" />
    </usages>
    <guards>
      <guard style="up"
             action="act_guard_up_2h"
             require_free_left_hand="True"
             hand_position="0,0.2,0.2"
             hand_rotation="0,0"
             arm_rotation="0,0"
             arm_length="0" />
      <guard style="up"
             action="act_guard_up_2h_left_stance"
             require_free_left_hand="True"
             is_left_stance="True"
             hand_position="0,0.2,0.2"
             hand_rotation="0,0"
             arm_rotation="0,0"
             arm_length="0" />
      <guard style="down"
             action="act_guard_bottom_2h"
             require_free_left_hand="True"
             hand_position="0,0.35,-0.4"
             hand_rotation="0,-54"
             arm_rotation="0,0"
             arm_length="0" />
      <guard style="down"
             action="act_guard_bottom_2h_left_stance"
             require_free_left_hand="True"
             is_left_stance="True"
             hand_position="0,0.35,-0.4"
             hand_rotation="0,-54"
             arm_rotation="0,0"
             arm_length="0" />
      <guard style="left"
             action="act_guard_left_staff"
             require_free_left_hand="True"
             hand_position="-0.2,0.1,-0.2"
             hand_rotation="-90,0"
             arm_rotation="0,0"
             arm_length="0" />
      <guard style="left"
             action="act_guard_left_staff_left_stance"
             require_free_left_hand="True"
             is_left_stance="True"
             hand_position="-0.2,0.1,-0.2"
             hand_rotation="-90,0"
             arm_rotation="0,0"
             arm_length="0" />
      <guard style="right"
             action="act_guard_right_staff"
             require_free_left_hand="True"
             hand_position="0.2,0.1,-0.2"
             hand_rotation="90,0"
             arm_rotation="0,0"
             arm_length="0" />
      <guard style="right"
             action="act_guard_right_staff_left_stance"
             require_free_left_hand="True"
             is_left_stance="True"
             hand_position="0.2,0.1,-0.2"
             hand_rotation="90,0"
             arm_rotation="0,0"
             arm_length="0" />
      <guard style="none"
             require_free_left_hand="True"
             hand_position="0,0.2,-0.3"
             hand_rotation="-72,0"
             arm_rotation="0,0"
             arm_length="0" />
      <guard style="none"
             require_free_left_hand="True"
             is_left_stance="True"
             hand_position="0,0.2,-0.3"
             hand_rotation="-72,0"
             arm_rotation="0,0"
             arm_length="0" />
    </guards>
  </item_usage_set>
</item_usage_sets>