﻿<?xml version="1.0" encoding="utf-8"?>
<strings>
	<string id="str_formation_ai_behavior_text.RBMBehaviorArcherSkirmish" text="{=Tqa0r78a}{TROOP_NAMES_BEGIN}{?IS_PLURAL} and {?}{\?}{TROOP_NAMES_END} are skirmishing." />
	<string id="str_formation_ai_behavior_text.RBMBehaviorForwardSkirmish" text="{=Tqa0r78b}{?IS_RIGHT}Right {TROOP_NAMES_BEGIN}{?IS_PLURAL} and {?}{\?}{TROOP_NAMES_END} is doing hit and run.{?}{\?}{?IS_LEFT}Left {TROOP_NAMES_BEGIN}{?IS_PLURAL} and {?}{\?}{TROOP_NAMES_END} is doing hit and run.{?}{\?}" />
	<string id="str_formation_ai_behavior_text.RBMBehaviorInfantryAttackFlank" text="{=Tqa0r78c}Infantry is flanking." />
	<string id="str_formation_ai_behavior_text.RBMBehaviorCavalryCharge" text="{=Tqa0r78d}{TROOP_NAMES_BEGIN}{?IS_PLURAL} and {?}{\?}{TROOP_NAMES_END} are charging at {?IS_PLURAL}different enemy formations{?}an enemy formation{\?}." />
	<string id="str_formation_ai_behavior_text.RBMBehaviorArcherFlank" text="{=Tqa0r781}Archers are skirmishing from flanks." />
	<string id="str_formation_ai_behavior_text.RBMBehaviorEmbolon" text="{=Tqa0r782}Cavalry is forming a flying wedge in front of infantry." />
	<string id="str_formation_ai_sergeant_instruction_behavior_text.RBMBehaviorArcherSkirmish" text="{=Tqa0r78e}Skirmish" />
	<string id="str_formation_ai_sergeant_instruction_behavior_text.RBMBehaviorForwardSkirmish" text="{=Tqa0r78f}Do hit and run on enemy." />
	<string id="str_formation_ai_sergeant_instruction_behavior_text.RBMBehaviorInfantryAttackFlank" text="{=Tqa0r78g}Flank{?IS_GENERAL_SIDE}{?} from {SIDE_STRING} side{\?}" />
	<string id="str_formation_ai_sergeant_instruction_behavior_text.RBMBehaviorCavalryCharge" text="{=Tqa0r78h}Charge at enemy" />
	<string id="str_formation_ai_sergeant_instruction_behavior_text.RBMBehaviorArcherFlank" text="{=Tqa0r78j}Skirmish from {SIDE_STRING} flank" />
	<string id="str_formation_ai_sergeant_instruction_behavior_text.RBMBehaviorEmbolon" text="{=Tqa0r783}Form flying wedge in front of infantry"/>
	<string id="str_team_ai_tactic_text.RBMTacticAttackSplitArchers" text="{=!}Our plan is to attack with full force and flank with archers." />
	<string id="str_team_ai_tactic_text.RBMTacticAttackSplitInfantry" text="{=!}Our plan is to split infantry and crush them from all sides." />
	<string id="str_team_ai_tactic_text.RBMTacticAttackSplitSkirmishers" text="{=!}Our plan is to bait them with skirmishers then crush them with full focre." />
	<string id="str_team_ai_tactic_text.RBMTacticDefendSplitArchers" text="{=!}Our plan is to form a defensive line with archers on flanks." />
	<string id="str_team_ai_tactic_text.RBMTacticEmbolon" text="{=!}Our plan is to charge head-on with our cavalry then crush disorganized formations." />
</strings>